<?xml version="1.0" encoding="UTF-8"?>
<!DOCTYPE module PUBLIC "-//Puppy Crawl//DTD Check Configuration 1.2//EN" "http://www.puppycrawl.com/dtds/configuration_1_2.dtd">
<!-- generated by Sonar -->
<module name="Checker">
  <module name="TreeWalker">
    <module name="ParameterAssignment">
      <property name="severity" value="warning"/>
    </module>
    <module name="SimplifyBooleanExpression">
      <property name="severity" value="warning"/>
    </module>
    <module name="StaticVariableName">
      <property name="severity" value="warning"/>
    </module>
    <module name="ModifierOrder">
      <property name="severity" value="info"/>
    </module>
    <module name="MethodName">
      <property name="severity" value="warning"/>
    </module>
    <module name="FinalClass">
      <property name="severity" value="warning"/>
    </module>
    <module name="EmptyStatement">
      <property name="severity" value="info"/>
    </module>
    <module name="InnerAssignment">
      <property name="severity" value="warning"/>
    </module>
    <module name="DoubleCheckedLocking">
      <property name="severity" value="warning"/>
    </module>
    <module name="UnusedImports">
      <property name="severity" value="info"/>
    </module>
    <module name="StringLiteralEquality">
      <property name="severity" value="warning"/>
    </module>
    <module name="RedundantModifier">
      <property name="severity" value="info"/>
    </module>
    <module name="RedundantThrows">
      <property name="severity" value="info"/>
      <property name="allowUnchecked" value="true"/>
    </module>
    <module name="IllegalThrows">
      <property name="severity" value="warning"/>
    </module>
    <module name="AnonInnerLength">
      <property name="severity" value="warning"/>
    </module>
    <module name="MemberName">
      <property name="severity" value="warning"/>
    </module>
    <module name="ConstantName">
      <property name="severity" value="info"/>
    </module>
    <module name="PackageName">
      <property name="severity" value="warning"/>
    </module>
    <module name="DefaultComesLast">
      <property name="severity" value="warning"/>
    </module>
    <module name="EqualsHashCode">
      <property name="severity" value="error"/>
    </module>
    <module name="SimplifyBooleanReturn">
      <property name="severity" value="warning"/>
    </module>
    <module name="HiddenField">
      <property name="severity" value="warning"/>
      <property name="tokens" value="VARIABLE_DEF"/>
      <property name="ignoreConstructorParameter" value="true"/>
      <property name="ignoreSetter" value="true"/>
      <property name="ignoreAbstractMethods" value="true"/>
    </module>
    <module name="LocalFinalVariableName">
      <property name="severity" value="warning"/>
    </module>
    <module name="CyclomaticComplexity">
      <property name="severity" value="warning"/>
      <property name="max" value="10"/>
    </module>
    <module name="VisibilityModifier">
      <property name="severity" value="warning"/>
      <property name="protectedAllowed" value="true"/>
      <property name="packageAllowed" value="false"/>
    </module>
    <module name="LocalVariableName">
      <property name="severity" value="warning"/>
    </module>
    <module name="ParameterName">
      <property name="severity" value="warning"/>
    </module>
    <module name="BooleanExpressionComplexity">
      <property name="severity" value="warning"/>
    </module>
    <module name="MethodLength">
      <property name="severity" value="warning"/>
      <property name="max" value="50"/>
      <property name="countEmpty" value="false"/>
    </module>
    <module name="NestedIfDepth">
      <property name="severity" value="warning"/>
      <property name="max" value="2"/>
    </module>
    <module name="NestedTryDepth">
      <property name="severity" value="warning"/>
      <property name="max" value="1"/>
    </module>
    <module name="ParameterNumber">
      <property name="severity" value="warning"/>
      <property name="max" value="5"/>
    </module>
    <module name="DeclarationOrder">
      <property name="severity" value="info"/>
    </module>
    <module name="AvoidNestedBlocks">
      <property name="severity" value="warning"/>
    </module>
    <module name="EqualsAvoidNull">
      <property name="severity" value="warning"/>
    </module>
    <module name="IllegalInstantiation">
      <property name="severity" value="warning"/>
    </module>
    <module name="ModifiedControlVariable">
      <property name="severity" value="warning"/>
    </module>
    <module name="FileContentsHolder"/>
  </module>
  <module name="FileLength">
    <property name="severity" value="warning"/>
    <property name="max" value="500"/>
  </module>
  <module name="SuppressionCommentFilter"/>
</module>