<?xml version="1.0" encoding="UTF-8" ?>
<!DOCTYPE log4j:configuration SYSTEM "log4j.dtd">
<log4j:configuration debug="false" xmlns:log4j="http://jakarta.apache.org/log4j/">

	<appender name="console" class="org.apache.log4j.ConsoleAppender">
		<layout class="org.apache.log4j.PatternLayout">
			<param name="ConversionPattern" value="%d [%t] %-5p %-40.40c -%m%n" />
		</layout>
	</appender>

	<appender name="rollingFile" class="org.apache.log4j.DailyRollingFileAppender">
		<param name="File" value="logs/showcase.log" />
		<layout class="org.apache.log4j.PatternLayout">
			<param name="ConversionPattern" value="%d [%t] %-5p %-40.40c -%m%n" />
		</layout>
	</appender>

	<!-- Perf4J appenders -->
	<appender name="coalescingStatistics" class="org.perf4j.log4j.AsyncCoalescingStatisticsAppender">
		<!-- output per 60 seconds -->
		<param name="TimeSlice" value="60000" />
		<appender-ref ref="perfFile" />
	</appender>

	<!-- Nest file appender for Perf4j -->
	<appender name="perfFile" class="org.apache.log4j.FileAppender">
		<param name="File" value="logs/perfStats.log" />
		<layout class="org.apache.log4j.PatternLayout">
			<param name="ConversionPattern" value="%m%n" />
		</layout>
	</appender>

	<!-- Perf4j loggers -->
	<logger name="org.perf4j.TimingLogger" additivity="false">
		<level value="INFO" />
		<appender-ref ref="coalescingStatistics" />
	</logger>

	<root>
		<level value="WARN" />
		<appender-ref ref="console" />
		<appender-ref ref="rollingFile" />
	</root>
</log4j:configuration>