<?xml version="1.0" encoding="UTF-8"?>
<ehcache>

	<diskStore path="java.io.tmpdir/hibernate/mini-web" />

	<!-- DefaultCache setting. -->
	<defaultCache maxElementsInMemory="10000" memoryStoreEvictionPolicy="LRU" eternal="false"
		timeToIdleSeconds="300" timeToLiveSeconds="300" overflowToDisk="false" diskPersistent="false" />

	<!-- Special objects setting. -->
	<cache name="org.springside.examples.miniweb.entity.account.User" maxElementsInMemory="10000"
		memoryStoreEvictionPolicy="LRU" eternal="true" diskPersistent="false" overflowToDisk="true" maxElementsOnDisk="1000000" />
	<cache name="org.springside.examples.miniweb.entity.account.User.roleList" maxElementsInMemory="10000"
		memoryStoreEvictionPolicy="LRU" eternal="true" diskPersistent="false" overflowToDisk="true" maxElementsOnDisk="1000000" />
	<cache name="org.springside.examples.miniweb.entity.account.Role" maxElementsInMemory="10000"
		memoryStoreEvictionPolicy="LRU" eternal="true" diskPersistent="false" overflowToDisk="true" maxElementsOnDisk="1000000" />
	<cache name="org.springside.examples.miniweb.entity.account.Role.authorityList" maxElementsInMemory="10000"
		memoryStoreEvictionPolicy="LRU" eternal="true" diskPersistent="false" overflowToDisk="true" maxElementsOnDisk="1000000" />
	<cache name="org.springside.examples.miniweb.entity.account.Authority" maxElementsInMemory="10000"
		memoryStoreEvictionPolicy="LRU" eternal="true" diskPersistent="false" overflowToDisk="true" maxElementsOnDisk="1000000" />
	<cache name="org.springside.examples.miniweb.entity.account.Resource" maxElementsInMemory="10000"
		memoryStoreEvictionPolicy="LRU" eternal="true" diskPersistent="false" overflowToDisk="true" maxElementsOnDisk="1000000" />
	<cache name="org.springside.examples.miniweb.entity.account.Resource.authorityList" maxElementsInMemory="10000"
		memoryStoreEvictionPolicy="LRU" eternal="true" diskPersistent="false" overflowToDisk="true" maxElementsOnDisk="1000000" />
</ehcache>
