-- --------------------------------------------------------
-- 主机:                           127.0.0.1
-- 服务器版本:                        5.6.28-log - MySQL Community Server (GPL)
-- 服务器操作系统:                      Win64
-- HeidiSQL 版本:                  9.3.0.4984
-- --------------------------------------------------------

/*!40101 SET @OLD_CHARACTER_SET_CLIENT=@@CHARACTER_SET_CLIENT */;
/*!40101 SET NAMES utf8mb4 */;
/*!40014 SET @OLD_FOREIGN_KEY_CHECKS=@@FOREIGN_KEY_CHECKS, FOREIGN_KEY_CHECKS=0 */;
/*!40101 SET @OLD_SQL_MODE=@@SQL_MODE, SQL_MODE='NO_AUTO_VALUE_ON_ZERO' */;

-- 导出 spring-app 的数据库结构
CREATE DATABASE IF NOT EXISTS `spring-app` /*!40100 DEFAULT CHARACTER SET utf8 */;
USE `spring-app`;


-- 导出  表 spring-app.act_evt_log 结构
CREATE TABLE IF NOT EXISTS `act_evt_log` (
  `LOG_NR_` bigint(20) NOT NULL AUTO_INCREMENT,
  `TYPE_` varchar(64) COLLATE utf8_bin DEFAULT NULL,
  `PROC_DEF_ID_` varchar(64) COLLATE utf8_bin DEFAULT NULL,
  `PROC_INST_ID_` varchar(64) COLLATE utf8_bin DEFAULT NULL,
  `EXECUTION_ID_` varchar(64) COLLATE utf8_bin DEFAULT NULL,
  `TASK_ID_` varchar(64) COLLATE utf8_bin DEFAULT NULL,
  `TIME_STAMP_` timestamp(3) NOT NULL DEFAULT CURRENT_TIMESTAMP(3) ON UPDATE CURRENT_TIMESTAMP(3),
  `USER_ID_` varchar(255) COLLATE utf8_bin DEFAULT NULL,
  `DATA_` longblob,
  `LOCK_OWNER_` varchar(255) COLLATE utf8_bin DEFAULT NULL,
  `LOCK_TIME_` timestamp(3) NULL DEFAULT NULL,
  `IS_PROCESSED_` tinyint(4) DEFAULT '0',
  PRIMARY KEY (`LOG_NR_`)
) ENGINE=InnoDB DEFAULT CHARSET=utf8 COLLATE=utf8_bin;

-- 正在导出表  spring-app.act_evt_log 的数据：~0 rows (大约)
/*!40000 ALTER TABLE `act_evt_log` DISABLE KEYS */;
/*!40000 ALTER TABLE `act_evt_log` ENABLE KEYS */;


-- 导出  表 spring-app.act_ge_bytearray 结构
CREATE TABLE IF NOT EXISTS `act_ge_bytearray` (
  `ID_` varchar(64) COLLATE utf8_bin NOT NULL DEFAULT '',
  `REV_` int(11) DEFAULT NULL,
  `NAME_` varchar(255) COLLATE utf8_bin DEFAULT NULL,
  `DEPLOYMENT_ID_` varchar(64) COLLATE utf8_bin DEFAULT NULL,
  `BYTES_` longblob,
  `GENERATED_` tinyint(4) DEFAULT NULL,
  PRIMARY KEY (`ID_`),
  KEY `ACT_FK_BYTEARR_DEPL` (`DEPLOYMENT_ID_`),
  CONSTRAINT `ACT_FK_BYTEARR_DEPL` FOREIGN KEY (`DEPLOYMENT_ID_`) REFERENCES `act_re_deployment` (`ID_`)
) ENGINE=InnoDB DEFAULT CHARSET=utf8 COLLATE=utf8_bin;

-- 正在导出表  spring-app.act_ge_bytearray 的数据：~2 rows (大约)
/*!40000 ALTER TABLE `act_ge_bytearray` DISABLE KEYS */;
INSERT INTO `act_ge_bytearray` (`ID_`, `REV_`, `NAME_`, `DEPLOYMENT_ID_`, `BYTES_`, `GENERATED_`) VALUES
	('38292418-b063-11e6-9178-d05099a603b1', 1, 'leave2.bpmn', '38292417-b063-11e6-9178-d05099a603b1', _binary 0x3C3F786D6C2076657273696F6E3D22312E302220656E636F64696E673D225554462D38223F3E0A3C646566696E6974696F6E7320786D6C6E733D22687474703A2F2F7777772E6F6D672E6F72672F737065632F42504D4E2F32303130303532342F4D4F44454C2220786D6C6E733A7873693D22687474703A2F2F7777772E77332E6F72672F323030312F584D4C536368656D612D696E7374616E63652220786D6C6E733A7873643D22687474703A2F2F7777772E77332E6F72672F323030312F584D4C536368656D612220786D6C6E733A61637469766974693D22687474703A2F2F61637469766974692E6F72672F62706D6E2220786D6C6E733A62706D6E64693D22687474703A2F2F7777772E6F6D672E6F72672F737065632F42504D4E2F32303130303532342F44492220786D6C6E733A6F6D6764633D22687474703A2F2F7777772E6F6D672E6F72672F737065632F44442F32303130303532342F44432220786D6C6E733A6F6D6764693D22687474703A2F2F7777772E6F6D672E6F72672F737065632F44442F32303130303532342F44492220747970654C616E67756167653D22687474703A2F2F7777772E77332E6F72672F323030312F584D4C536368656D61222065787072657373696F6E4C616E67756167653D22687474703A2F2F7777772E77332E6F72672F313939392F585061746822207461726765744E616D6573706163653D22687474703A2F2F7777772E61637469766974692E6F72672F74657374223E0A20203C70726F636573732069643D224C6561766522206E616D653D22E8AFB7E58187E6B581E7A88B2220697345786563757461626C653D2274727565223E0A202020203C73746172744576656E742069643D2273746172746576656E743122206E616D653D225374617274223E3C2F73746172744576656E743E0A202020203C656E644576656E742069643D22656E646576656E743122206E616D653D22456E64223E3C2F656E644576656E743E0A202020203C757365725461736B2069643D22757365727461736B3122206E616D653D22E4B8BBE7AEA1E5AEA1E6A0B8222061637469766974693A61737369676E65653D22247B696E70757455736572327D222061637469766974693A666F726D4B65793D222F61637469766974692F6C656176652F746F4578616D696E652E646F223E3C2F757365725461736B3E0A202020203C73657175656E6365466C6F772069643D22666C6F77312220736F757263655265663D2273746172746576656E743122207461726765745265663D22757365727461736B31223E3C2F73657175656E6365466C6F773E0A202020203C757365725461736B2069643D22757365727461736B3222206E616D653D22E9878DE696B0E794B3E8AFB7222061637469766974693A61737369676E65653D22247B696E707574557365727D222061637469766974693A666F726D4B65793D222F61637469766974692F6C656176652F746F5570646174652E646F223E3C2F757365725461736B3E0A202020203C73657175656E6365466C6F772069643D22666C6F77352220736F757263655265663D22757365727461736B3222207461726765745265663D22757365727461736B31223E3C2F73657175656E6365466C6F773E0A202020203C73657175656E6365466C6F772069643D22666C6F773622206E616D653D22E5908CE6848F2220736F757263655265663D226578636C7573697665676174657761793122207461726765745265663D22656E646576656E7431223E0A2020202020203C636F6E646974696F6E45787072657373696F6E207873693A747970653D2274466F726D616C45787072657373696F6E223E3C215B43444154415B247B6D6573736167653D3D27E5908CE6848F277D5D5D3E3C2F636F6E646974696F6E45787072657373696F6E3E0A202020203C2F73657175656E6365466C6F773E0A202020203C73657175656E6365466C6F772069643D22666C6F773722206E616D653D22E4B88DE5908CE6843F20736F757263655265663D226578636C7573697665676174657761793122207461726765745265663D22757365727461736B32223E0A2020202020203C636F6E646974696F6E45787072657373696F6E207873693A747970653D2274466F726D616C45787072657373696F6E223E3C215B43444154415B247B6D6573736167653D3D27E4B88DE5908CE6843F7D5D5D3E3C2F636F6E646974696F6E45787072657373696F6E3E0A202020203C2F73657175656E6365466C6F773E0A202020203C6578636C7573697665476174657761792069643D226578636C7573697665676174657761793122206E616D653D224578636C75736976652047617465776179223E3C2F6578636C7573697665476174657761793E0A202020203C73657175656E6365466C6F772069643D22666C6F77382220736F757263655265663D22757365727461736B3122207461726765745265663D226578636C75736976656761746577617931223E3C2F73657175656E6365466C6F773E0A20203C2F70726F636573733E0A20203C62706D6E64693A42504D4E4469616772616D2069643D2242504D4E4469616772616D5F4C65617665223E0A202020203C62706D6E64693A42504D4E506C616E652062706D6E456C656D656E743D224C65617665222069643D2242504D4E506C616E655F4C65617665223E0A2020202020203C62706D6E64693A42504D4E53686170652062706D6E456C656D656E743D2273746172746576656E7431222069643D2242504D4E53686170655F73746172746576656E7431223E0A20202020202020203C6F6D6764633A426F756E6473206865696768743D2233352E30222077696474683D2233352E302220783D223130302E302220793D2231362E30223E3C2F6F6D6764633A426F756E64733E0A2020202020203C2F62706D6E64693A42504D4E53686170653E0A2020202020203C62706D6E64693A42504D4E53686170652062706D6E456C656D656E743D22656E646576656E7431222069643D2242504D4E53686170655F656E646576656E7431223E0A20202020202020203C6F6D6764633A426F756E6473206865696768743D2233352E30222077696474683D2233352E302220783D223130302E302220793D223331302E30223E3C2F6F6D6764633A426F756E64733E0A2020202020203C2F62706D6E64693A42504D4E53686170653E0A2020202020203C62706D6E64693A42504D4E53686170652062706D6E456C656D656E743D22757365727461736B31222069643D2242504D4E53686170655F757365727461736B31223E0A20202020202020203C6F6D6764633A426F756E6473206865696768743D2235352E30222077696474683D223130352E302220783D2236352E302220793D223131302E30223E3C2F6F6D6764633A426F756E64733E0A2020202020203C2F62706D6E64693A42504D4E53686170653E0A2020202020203C62706D6E64693A42504D4E53686170652062706D6E456C656D656E743D22757365727461736B32222069643D2242504D4E53686170655F757365727461736B32223E0A20202020202020203C6F6D6764633A426F756E6473206865696768743D2235352E30222077696474683D223130352E302220783D223236302E302220793D223131302E30223E3C2F6F6D6764633A426F756E64733E0A2020202020203C2F62706D6E64693A42504D4E53686170653E0A2020202020203C62706D6E64693A42504D4E53686170652062706D6E456C656D656E743D226578636C75736976656761746577617931222069643D2242504D4E53686170655F6578636C75736976656761746577617931223E0A20202020202020203C6F6D6764633A426F756E6473206865696768743D2234302E30222077696474683D2234302E302220783D2239372E302220793D223232302E30223E3C2F6F6D6764633A426F756E64733E0A2020202020203C2F62706D6E64693A42504D4E53686170653E0A2020202020203C62706D6E64693A42504D4E456467652062706D6E456C656D656E743D22666C6F7731222069643D2242504D4E456467655F666C6F7731223E0A20202020202020203C6F6D6764693A776179706F696E7420783D223131372E302220793D2235312E30223E3C2F6F6D6764693A776179706F696E743E0A20202020202020203C6F6D6764693A776179706F696E7420783D223131372E302220793D223131302E30223E3C2F6F6D6764693A776179706F696E743E0A2020202020203C2F62706D6E64693A42504D4E456467653E0A2020202020203C62706D6E64693A42504D4E456467652062706D6E456C656D656E743D22666C6F7735222069643D2242504D4E456467655F666C6F7735223E0A20202020202020203C6F6D6764693A776179706F696E7420783D223236302E302220793D223133372E30223E3C2F6F6D6764693A776179706F696E743E0A20202020202020203C6F6D6764693A776179706F696E7420783D223233372E302220793D223133362E30223E3C2F6F6D6764693A776179706F696E743E0A20202020202020203C6F6D6764693A776179706F696E7420783D223231332E302220793D223133362E30223E3C2F6F6D6764693A776179706F696E743E0A20202020202020203C6F6D6764693A776179706F696E7420783D223137302E302220793D223133372E30223E3C2F6F6D6764693A776179706F696E743E0A2020202020203C2F62706D6E64693A42504D4E456467653E0A2020202020203C62706D6E64693A42504D4E456467652062706D6E456C656D656E743D22666C6F7736222069643D2242504D4E456467655F666C6F7736223E0A20202020202020203C6F6D6764693A776179706F696E7420783D223131372E302220793D223236302E30223E3C2F6F6D6764693A776179706F696E743E0A20202020202020203C6F6D6764693A776179706F696E7420783D223131372E302220793D223331302E30223E3C2F6F6D6764693A776179706F696E743E0A20202020202020203C62706D6E64693A42504D4E4C6162656C3E0A202020202020202020203C6F6D6764633A426F756E6473206865696768743D2231342E30222077696474683D2232342E302220783D2239332E302220793D223236392E30223E3C2F6F6D6764633A426F756E64733E0A20202020202020203C2F62706D6E64693A42504D4E4C6162656C3E0A2020202020203C2F62706D6E64693A42504D4E456467653E0A2020202020203C62706D6E64693A42504D4E456467652062706D6E456C656D656E743D22666C6F7737222069643D2242504D4E456467655F666C6F7737223E0A20202020202020203C6F6D6764693A776179706F696E7420783D223133372E302220793D223234302E30223E3C2F6F6D6764693A776179706F696E743E0A20202020202020203C6F6D6764693A776179706F696E7420783D223231372E302220793D223233392E30223E3C2F6F6D6764693A776179706F696E743E0A20202020202020203C6F6D6764693A776179706F696E7420783D223331322E302220793D223233392E30223E3C2F6F6D6764693A776179706F696E743E0A20202020202020203C6F6D6764693A776179706F696E7420783D223331322E302220793D223136352E30223E3C2F6F6D6764693A776179706F696E743E0A20202020202020203C62706D6E64693A42504D4E4C6162656C3E0A202020202020202020203C6F6D6764633A426F756E6473206865696768743D2231342E30222077696474683D2233362E302220783D223139392E302220793D223232312E30223E3C2F6F6D6764633A426F756E64733E0A20202020202020203C2F62706D6E64693A42504D4E4C6162656C3E0A2020202020203C2F62706D6E64693A42504D4E456467653E0A2020202020203C62706D6E64693A42504D4E456467652062706D6E456C656D656E743D22666C6F7738222069643D2242504D4E456467655F666C6F7738223E0A20202020202020203C6F6D6764693A776179706F696E7420783D223131372E302220793D223136352E30223E3C2F6F6D6764693A776179706F696E743E0A20202020202020203C6F6D6764693A776179706F696E7420783D223131372E302220793D223232302E30223E3C2F6F6D6764693A776179706F696E743E0A2020202020203C2F62706D6E64693A42504D4E456467653E0A202020203C2F62706D6E64693A42504D4E506C616E653E0A20203C2F62706D6E64693A42504D4E4469616772616D3E0A3C2F646566696E6974696F6E733E, 0),
	('38292419-b063-11e6-9178-d05099a603b1', 1, 'leave2.png', '38292417-b063-11e6-9178-d05099a603b1', _binary 0x89504E470D0A1A0A0000000D494844520000033A0000020F080200000034133C490000219049444154789CED3F6C9CF77DD8717A3FCE48500E3F7A70AC6BF6878560B188A580F44730510E16713F13581071F94321302091D13F3F3F3FD678C2B0644C3F3FABC406771C0A3F6A7B5A63B9AC63BB9A23CB4C6C254C62356C65A797D84A2E93649FF5C3BA3D3F57E6EE78BCE3F37CF57C79CFEB3F0C3F1E9F87F7C57D3F927703350000223690F7010000D0895C0300889A5C0300889A5C0300889A5C0300889A5C0300889A5C0300889A5C0300889A5C0300889A5C0300889A5C0300889A5C0300889A5C0300889A5C0300889A5C0300889A5CCB58B55A9D9B3F70E0C0F8F8F8E82F8D8D3FEF999D9DAD542A791F2000B0C1C8B53F959664D9E0E060126A493F39F2F013C79EACAF471F7BFCDE7BEF9B9898181A1ADAB163C7CCCC4C3F0B006C18722D030B0B0BA3A3A3493F5976E9F295CEEBE9679EDDBBF753232323F3F3F3791F38003FC8B53F1E3C98B43FC79E5C33D4563FCF9FDCB973E7BE7DFBAAD56ADE670000444DAEAD5F525A1313135353533D85DACAF53F1E181D1D2D97CB793F00102FB9B64E49ABEDD8B163767676DDADD6F8D968723D4B4B4B793F001029B9B64E131313E95BADF183D1A4D8FC541400684BAEADC7C13FD3FC0CB4751D39F2F0F8F878DEA70500C448AEF56C616161646424C356ABAF4F7F3F3F1DCAFB3F0080E8C8B59E25AD76E2F99399E7DA99575EDDB2A5E4473F004013B9D69BB9B9B9F1F1F1CC5BADBEEEBEFB73D3D3D3793F001017B9D69BD1D1D15E9F62ADA707D88687873F4500202E723F954A6568682850ABD5D7F6EDDB3F3F9EF73F0011916B3D989999999C9C0C9A6B5F3FFEA9A9A9BC4F140088885CEBC1BE7D3F1D3A1434D79E38F6E4E8E8683F0A004444AEF5606C6CAC9B17714FB35E3E7D7ACB96523F0A004444AEF520D05378AC5CE7CE5F181C1CCCFB44018088C83F0C0F0F9F79E5D5A0B996AC3F370A00F0D794410FB66EDDFAD2A953720D00B89694410F3FE99ADF5D0300DA926B3D989C9C7CF0F0E1A0B9F63FCF6EDFBE3D3F05002222D77A303D3D7DF7DD3F9A6B490EEEDDFBA9BC4F140088885CEBC1D2D252A9540A9A6BBB773F7AF4683F0A004444AEF526E85F1B3F7F616868A85AADE67D3F004044E45A6F82FE3CF48B5FFA5272E5793F001017B9D69B6AB55A2A95423CFBDAB9F317B66C2995CBE5BC4F1100888B5CEBD9ECEC3FF6ECF1D01A00706DC8B5F5F8D89D771E39F27086ADF6D2A953DBB66D3B77FE42DE6706004447AEAD47A552D9BE7D7B567F73F0DAEB6793567BF9F4E9BC4F0B0088915C5BA7C5C5C5A4D892C64ADF6A1FBBF3CE471F7B3C3F02002225D7D66F616161DBB66D4F3FF36C9A9F3FCDA73F00800EE45A2A954A65E7CE9DF7DE7BDF6BAF9F3FD4CE9DBFF0C52F7DA9FE13D5BC4F0200889A5C4BAB5A3FB976DB6D5B93FC4A22AC9B567BF0F0E1E4F277DFFD3FF2F23E7C002076722D1BE57279FFFEFD4343431FBBF3CEA4C64E3C7F3FD1923FF4D01F7C62CF9E3F7BF77E6A696929EF4306003606B996A56A3F3737373939B96DDBB6815F95BC2769B5D9D9D94AA592F76102001B895C0B2B49B7BC0F0100D8D8E45A580303BEC300402A62222C3F003F26C2926B00404A62222C3F003F26C2926B00404A62222C3F003F26C2926B00404A62222C3F003F26C2926B00404A62222C3F003F26C2926B00404A62222C3F003F26C2926B00404A62222C3F003F26C2926B00404A62222C3F003F26C2926B00404A62222C3F003F26C2926B00404A62222C3F003F26C2926B00404A62222C3F003F26C2926B00404A62222C3F003F26C2926B00404A62222C3F003F26C2926B00404A62222C3F003F26C2926B00404A62222C3F003F26C2926B00404A62222C3F003F26C2926B00404A62222C3F003F26C2926B00404A62222C3F003F26C2926B00404A62222C3F003F26C2926B00404A62222C3F003F26C2926B00404A62222C3F003F26C2926B00404A62222C3F003F26C2926B00404A62222C3F003F26C2926B00404A62222C3F003F26C2926B00404A62227BB3B3B3493F0E0E8E8C3F6F0C0F0F27FFBDE9A69B1617173F340060E3916BD97BE49147065AECDAB56B6E6E2EEF430300361EB996BD6AB5BA69D3A695AD76FBED3F0F0F572A95BC0F0D00D878E45A10F7DC73CFF5D75FDFC8B5BBEEBA6B6A6A2AEF83020036243FCAE6CD9BEBADB667CF9E52A954AD563F22006043926B3FF5D45337DC7043926B6363637E6B0D0058373F3F77DC51CFB53F0400D8C0E45A40E572393FCFDF01003FD7C23F3F00404A3F13D56A757676766262627474B4542A3F0B5A4124E79E7C07C6C7C76766663C8DC83AD84875361240BEFA30D78E1E3D9A4C97643FF4D0434F1C3BF6F2E9D33F5F2EE64A3F3F1C397264EFDEBDC93F99B5793F1B898D64230144A2AF722D3FFEC9C9C9DDBB779F79E5CCA5CB97AC95EBB5D75F4B666DF2CD2997CB79DF50B1B3916C2480A8F44F3F23766464E4C1C35FBB74F9A2B5DA7AF4B147B76FDFBEB4B494F73F2F1BC94602884DFFE4DAE4E4E4F2887DCBEABC9E38F6F53FFF613F57BC6C241B0920367D926B473FDDBDFBA397AF54AD6ED6E77FFB5F3FFFEFE47DA3C5C846B29100223FB956AD564BA5D22B3F5DBEF2A6D53F7FE167DBB6DDEE09E19AD8483612409CFA21D76666662627272F5F79A3B1768DFD3F9FA160E567156A3FFFBFF7AAF34D6C241B09204EFD906BE3E3E3471EFE5F7F3D623FBAFBAF6AB5BF78BBF683CBB5EF5CAC7DEB62EDC43F3F3FF9C7AFFEFCB94B3F5B3F573FFD46EDEB6FD57EF7E9173FBDEF333FBC5CD6F3278F8F8C8CE47DD3C5C546B29100E2D40FB9B675EBD653A75EB87CE5427D0D0C0C9CAF3F5CADFDFC4AEDA7976A6FD46AFFEADF3F3FDEBDE3A3E3AF5EAE9DB9583BF3566DA95A7BF94A3FFFEC5BCB8F8B5C283F7FE1ECE0E0603F5D5C6C241B09204EFD906B434343AF9F7DF5F295F3F5950C3FDEAE5D7CFB9D0F5DB9FA3FFFE8F1FFF377FFDEDFFFB75FF8E2955AEDDC95DA3FD77E7AB956A9D5BEFECD6F2F4FD9F3C55C035E20EB57D9483612409CFAE17E7679529E6BACE43FAED4CEBE59BBF43F2E50A954FEF3577EEF77FED357CEFCE89D27F6BC7CB57669793FFBFCB79A3EB750CB946D6223D9480071EA87FBD9E5493F1AEB9D29FB76EDB5376A3F3E5FBB5CAB5DBA7871EB6D3F0CBC6B6060F0E3FF7CEFCA4F3C71F285A6CF2D3F659BD8483612409CFAE17E767952FEBCB1EA3F3FFB66ED47E76A3F79AB76E2D49F6FDEBCF95DD7DF3F7FEDD7273E3F53F69BCF9F6CFADC422D53B6898D642301C4A91FEE673F65A5B13FBE79B5F6D3EA3B0F8ABCF656EDD837173FB8ED43BFFE77DEFB6B437FEBF7FEFB1FBE55AB9DBF587BE3E23B9FF8F4F16F367D6EA19629DBC446B29100E2D40FF7B3C9B4B872E5678D551F1EC9A0FDF9E5DA3FD57E74EEF23F2E6D3FBFB93FFDE39F5CACFDB85AFB49B576F6622D99B34F3FF7CDA6CF2D3F659BD8483612409CFAE17EB669528EEEDAF9EDEFFEE0C48B8BC717163FB9F83F3FF6DB3FE4B9EFFCD98B3F7CEAE4F7BF71F27BCFBCF0BDE3DFFAFE3FF8CB07FEEBE14FECF944EED3CE948D848D642301C4A91FEE6797A7EC4F57AEDFFAADCF74F34C3FECE31F6FFAC4422D53B6898D642301C4A91FEE6797A7EC59ABD7653FB1916C248038F5C3FDEC3B53F6EDD7AD5E3FDBC446B29100E2D40FF7B3CB533FABD7653FB1916C248038F5C3FDECF294FD89D5EB32659BD8483612409CFAE17E7679CAFED8EA753F65676767979696AEED6D18051B29DB8D044056FAE17E7679CA96AD5E57D394AD542A9FFC3F3FEA78F3CD3717B0D86CA44C36120099EB87FB595336FD943D74E8D0E0E060BDD53F868787CBE5728EB7692E6CA4F41B098010FAE17E7679CAFE55B8D5E1FA3FB4E691747955A1CFA8F15592EFDEE2E2E2FBDFFFFE953FB663C78E52A994F7AD9A836BF66D6FE8667BA479E7B5DC480084D30FF7B3C9B478FBED1F055DAB7D8995A3B7E99F6DDFD36A3F716D4E6A7474743F2C9440DFE735BF44EB65D6BC7C87F75FCBB33FB9BC3F00FA5C3FDCCF2ECFA157AFFD6A7CDDFA1B4DFF6C7DBBC335ACBC92765336D4F127DFBDA5A5A58F7C3FEF7BDFFB1A5F3FEF79CFC8C848DEB76A0EAEC146EAFE4BB45EB26365A6FD723F1200E1F4C3FDECF24C7A25F3D5713AAE718195176BBACECE5FA8C3C5429C60E37B78F4E83F5BB6DC723FF5C3D8B46953B55ACDF136CD45886F7B979B64E597AEBFDD7A30AD97E97253ADB61B436C240042E887FBD9E5517426E86A3F3A7FDDC6473B8EEAF697EFF24B3FA995DFC6A4CF0E1C3870EBADB78E8C8C24FF5D5858C8EB06CD4BA0EFF66A37683FD076DB74793D1D36553F3F0042EB87FBD9E599F49741573FB14A87B5FF3F6F3FD9E17A429C543F736969696666666E6EEEDADF8E3F3FEFD8EBED2FD0D81EAD9BA4F37E6BBB8B426FA7B61B09800CF5C3FD6CE8AC797BAD5CEBFC3FA76CDBB9DBF94B9BB23FF4AD6E7BB3AEB973DAE65AF76FB76EC240BBC846023FFAE17E767914FD45E6AB6366AD71B1A60B747EBBFE463F055AA66C3F3752EBFB3BEC8A2E37553F6923016C2CFD703FFBCE28BABA1474753F6B7EF54ED3BAE57A563FF47999B24DF2DD484D1F6DEC873FD26A3FE8A9D94800A1F5C3FDECF228FA61D0D5E14B3F41DB7CEE6A6FB7FD67E8F332653FFA8677CCAC5FB9F557FB6F3FA9F17687AF6523016C38FD703F3F8AFE3CE8EA3FDA7E68B5CB77793D8DB7839E3F3FAF8DD47A73AFB9013ABCBFFEA13FD848001B5A3FDCCF2E8FA2D3D93F8F88FC7222AE71C9D5AEB6C3576C5C5B979F92FE1CF3BEE9E212C3466ABAC57BDD488DF7B7BD661B096083EA87FBD9E551F4B2D5EB32659BD8483612409CFAE17E7679CAFEC0EA7599B24D6C241B09204EFD703F6BCA9AB299B0916C248038F5C3FD6C322DAE5EFDBED5EB32659BD8483612409CFAE17E7679CA7ECFEA7599B24D6C241B09204EFD703F3F6517AD5E3FDBC446B29100E2D40FF7B3CB53F6BB56AFCB946D6223D9480071EA87FBD9C1C13FDF7CE1EAD5EF583D2D53B6898D642301C4A91FEE674BA5D20F7FF8C757AF9EB27A5AA66C131BC9460288533FDCCF8E8D8DFDEFA387AED65EB2BA5FDF5DFCA3AD5BB7E67DD3C5C546B29100E2D40FB976F0E0C1A93F91FBDCDA58EBF7673F393999F74D17171BC9460288533FE4DAD2D2D2D6ADBFF166F5C4D5DA8B56976B7CFC8EB9B9B9BC6FBAB8D8483612409CFA213F07DEB1EF6AEDDB56373FCEFEC78989B1BC6F3FD94836124084FA24D7AAD5EAE8E86F1E3F3F6AB56F599D57B97C6CEBD6DFA8549ECEFB468B918D64230144A84F722DB1B83F3272DBE2E25CADB660ADB63F9BE4C8FCFCD7F2BEB9E26523D94800B1E99F5C4B1C3F7E3C193F0FFECB5A3FAB75CDCD7D69EBD6D2FC3FCBFB868A9D8D64230144A5AF72ADB6FCC3ACA9A9C9D1D10FCDCCFCBB72F9EBB5DA49AB52F9D3D9D9FF3031B17B7C7C34793BEF9B6863B0916C248078F45BAED5CDCFCF4F4EFED3E1E13FC0C0C0D0D07B26263E3FDABC6F968DC7465AC94602C84B7FE65A3C3C251599B03F008A4CAE8535E0F57948EDB9E79E4B3652A552C9FB4000C8873F4BAE91DEADB7DE9A6CA4CF7EF6B3791F08003F13613F52FAF297BF5CFFD5B19B6FBE79616121EFC301200762222CB9461A954A657070B09E6B37DE78E3873EF4A1BC8F08801C8889B0E41A698C8F8FAFFCDBCC5B6FBD75666626EF8302E05A1313613FD6AD52A9B43E9BC62DB7DC52AD563F34003F3111965C63DDBEF6B5AFD513ED831FFC60233FF0810FCCCFCFE77D68005C5362222CB9C6BA7D3FDF78F7BBDF5D2A95868686928D34BCECBDEF7DAF5C03281A3111965C238D858585A5A5A5DA2F3752F2B63F0E0528203111965C23133612409199016199B264C24602283233202C53964CD848004566068465CA92091B09A0C8CC80B04C5932612301143F103F4B266C24802233033F65C9843F50646640583F99B03F008ACC0C08CB9425133612409199016199B264C24602283233202C53964CD848004566068465CA92091B09A0C8CC80B04C5932612301143F103F4B266C24802233033F65C9843F50646640583F99B03F008ACC0C08CB9425133612409199016199B264C24602283233202C53964CD848004566068465CA92091B09A0C8CC80B04C5932612301143F103F4B266C24802233033F65C9843F50646640583F99B03F008ACC0C08CB9425133612409199016199B264C24602283233202C53964CD848004566068465CA92091B09A0C8CC80B04C5932612301143F103F4B266C24802233033F65C9843F50646640583F99B03F008ACC0C08CB9425133612409199016199B264C24602283233202C53964CD848004566068465CA92091B09A0C8CC80B04C5932612301143F90BDD9D9D9643F0E0E8E8C3F6F0C0F0F27FFBDE9A69B1617173F34362A3F506466403F79E4913FBB76ED9A9B9BCBFBD0D8A8E41A40919901D9AB56AB9B366D5AD96AB7DF7EFBF0F070A552C9FBD0D8A8E41A4091990141DC733FD75F7F7D23D7EEBAEBAEA9A9A93F3F4C3F143F10CAE6CD9BEBADB667CF9E52A954AD563F2236303F50646640284F3DF5D40D37DC904CD9B13FBFB5464A720DA0C8CC8080EEB8E38E7AAEE57D206C78720DA0C8CC8080CAE57232653D7F07E9C935802233033F65C9843F5064664040954A657272D2F37764A8B0D5523F073FD7C2492A6DE7CE3F1E3E3C3A3A5AC0626B7DA2E026DD5C6CCDCBE4777ED75AA14E168026664010F5563BF1FCC94B97AF24FF2D663F691B1C1D2AA4E9432BFF59C076293F03D06006646F65ABD59762AB75CCB53F9BADF6A1623EC0563F05A0951990B1D656536CB5D56BA3CB47D75A2F56B47C29DAF902B0921990A5D55AADE0C5D6F48059D3876A1D1F5D5B790DC57C5CADB6FC8C30C3C3C3791F05003FD0CC0BAD733FB6D89ADAABED6FA4ADF9CE3FBAB6B4B4542A95F23E0A007253A099175437AD56C0626B5B69AD6F77936B457E74EDE8D1A35E1B03A0C80A34F3C2E9BED58A536C4D453FC86A5DFF3074B5EB293FCBF23E0A007253C4E197AD5E5B3FC5B6523F3558EDC7A9C549B7B1B1B1A3478FE67D1400E4A628032F90F5B55A013FC35CEBF0CEBE542E974BA552B55ACDFB4000C84DFF4FBB705A5BEDD13FBFEDB6AD2F3FDDB6CF5E7BFDECB66D3F3C7CB880C5D653AE75F9F73FAEB69F4C4F4FEFDF3FEFA300204F3F3F69DB6A83838349406CD9526A2DB67AABD53BA398C5C63A54ABD552A9542E97F33E10003FD7D6A343ABD53515DBCA56536C746F727272666626EFA300206772AD67ADAD76EEFC85E1E1E13F3F8AADB5D51249DB9D79E555C54607D3D3D3FBF6EDCBFB2800C89F5CEB4D87D73F1A1A6A2DB6932FBCD0B6D51E7DECF122FF3F9D55ABD5C9C9493F409D5CEBC19AAF31D55A6C37DE786337ADA6D8A84B6EFDE9E9E952A9E4673F0034C8B56E753F53ADC5D6653F3F9B9F3F78F0E0F8F878126AFBF7EFF73F003FD7BAD2D36B4CAD566C6BB6DACA62FBF03F3FFBE8333F3E3535353737A7D4016825D7BA92B43FC79EECF2F96FFF64FE4FDFF5AE7735CDE3EBAEBBEEF0E1DFEF3F92AF95CCEFBC4F1A0088825CEBCAC2C242526CAFBD7E76CDD26AFB77A0756D9F8FADED3524AD967CC5BC4F1A0088825CEB5637C5D6A1D53F363F0034916B3DE85C6C6D5BEDBAEBAEEBBED8B41A00D04AAEF566B5625BEDB9707FF7BF7CA5EDF3B1B57D3F3F00B4926B3D6B2DB6D55AADFE77A0AB3D836ED3AB546935003FB9B61EADC5B677EFA7DAB6DA6ACFEEB17BF7EE733F683500604D726D3F14DB6A3F3F363F00744FAEAD5FDB62EBFC1A5349B16935003F722D95D662EBFC3F2F3FA5D500809EC8B5B43F065D7F070A00AC835CCB40AFC5A6D50080EEC9B56CF4F42A555A0D00E89E5CCB4C97AF52A5D500809EC83FADF92A555A0D00E8955CCB588757A9D26A003FC8B5ECB57D3F3F00AC8F5C0B6265B1693500200D3F4ABDD85E3E7D5A3F0069C8B580924A2B954A5A0D004843AE8535393999F72100001B9B5C0B6B60C077180048454C3F3F008094C44458720D0048494C3F3F008094C44458720D0048494C3F3F008094C44458720D0048494C3F3F008094C44458720D0048494C3F3F008094C44466DA96995C03005212133FE868CDCB342E90DF190000FD404CACAA4369357D683F3B7C0800601DC4C4AAEAA5D5F661B3D53EB4DA250100D64D4CACAACB47D75A2FD6F93F00003D1113AB5AF3D1B5C6C556FBC5B59A5C0300521313AB6AFBD3CCB6B9D63F573F00404FC4C4AABA3F8FAE0100E188895575F9C3D0A6CB77F34E0080EE89895575F3A7064DF5D63F00803F13AB5A47AEB5BE533F0029898955ADF6C3CD6E3F3F3F00808C8889B03F0090923F4B3F00298989B0E41A0090923F4B3F00298989B0E41A0090923F4B3F00298989B0E41A0090923F4B3F00298989B0E41A0090923F4B3F00298989B0E41A0090923F4B3F00298989B0E41A0090923F4B3F00298989B0E41A0090923F4B3F00298989B0E41A0090923F4B3F00298989ECCDCECE263F383838323292BC313C3C9CFCF7A69B6E5A5C5CCCFB3F00808D47AE65EF91471E1968B16BD7AEB9B9B9BC0F0D00D878E45AF6AAD5EAA64D9B56B6DAEDB73F3C3C5CA9543F340060E3916B41DC733FD75F7F7D23D7EEBAEBAEA9A9A93F0A00D890E45A283F6FAEB7DA9E3D7B4AA552B55ACDFB3F00800D49AE85F2D4534FDD703F49AE8D8D8DF9AD350060DDE45A4077DC71473DD7F23E10006003936B0195CB3F3F7F070090865C0BCBD33F002989898C55ABD5B9B93F070E8C8F8F8FFED2D8D858F29E99999972B99C3F02001B8C5CCB4C526949A2B53E416E93919191433FF9435100A04B722D03F3F33F76EC5833D4562A954AFE5C1400E8865C4BA55AAD4E4E4E3F7EF6F93FF691230F3F71ECC9C6BAF7DEFB76EFDEDD74C9F1F1712F7500007426D7D6AF5C2E373DA876F7DD9F7BF9F4E94B97AFACB65E7BFDEC571F78A0FEA2EF8D873F16163F1500205E726D9D96969692D26A54D7D8D858E7506B8AB67BEFBDAFF1B9838383C78F1FCFFB3F008048C9B5F5A8563F1F57FBC2FDF777196A2BD7430FFD41126A8DC7D8FC3F00D0965C5B8F898989463F39F2F03A5AADBE4E3C7F726868A87E3DA3A3A3793F001023B9D6B3B9B9B9948FABAD5C3FF678E3DAA6A7A7F33E3900203A72AD672323238DDF574BD96AF5D53FB6E1E161CFC7060034916BBD999D9D6DFC7DC099575E3FD7CE9DBFD0F85BD1FDFBF7E77D3F00405CE45A6F4647471BCFD99149ABD5D7833FD7AF76686828EF5304003FD77A50A9541ABF6796D5436B8DB5653F3F647E7E3E3F05002222D77A303333D3F82BCE6C5B2D599FFEF467EA573E353595F73F0011916B3DD8B76F5F567F10DABA3FF664FDCA77ECD891F73F0011916B3D181B1B3FD5A33F9E79AEBD7CFA743F733F51002022723F8DA73FF1FCC9CC732D598D5F8CCBFB4401803F3F349E6EA3FB3FED69353F3F0500223F7AB075EBD67A4EBD74EA54885C6BBC84683F0A00444419F4A0F1A46B4F1C7B32F3567BEDF5B39E7A0D006825D77A303939592FAAAF3EF040E6B9F6D2A9533F1F1919C9FB44018088C83F1C3C78B05E547BF77E2AF35CFBC2FDF7D7AF7C6262223F05002222D77AB0B8B8D8F879E5B93FB2CDB59D3B77D6AF7C6666263F05002222D77A532AFDE2A5A23F7938C3566B3CE95AA252A9E47D3F004044E45A6FA6A6A6EA51B56DDBB60C1F60FBD89D77D6AF767C7C3CEF5304003FD77A53A9541ACF8E96D54B513DFDCCB38D87D61616163F4500202E72AD67D3D3D3F53F1C1C4CFF3F2F3FDDE8BF7DFBF6E57D72004074E4DA7AECD8B1A31E584969A5798583733F6CDBB6AD7155E572393F03003FD7D6636969696868A89159EB7B093FAFBCDA68B5C1C1C1F9F9F9BC4F0B0088915C5BA7A43FBF7096C456AF4F9CFB3F3F7E069A989E9ECEFB3F008048C9B5F59B9B9B6B3CC656FF5BD1471F7BBC9B073FB167CFC00A5A0D00E840AEA5B2B8B8D878DDF746B4DD7BEF7DADAF019F54DA571F7860F7EE3F2F9CD49E9F3F009DC9B5B42A95CA3F0706070707DAD9BE7DFB6A1F9A9898F03F00C09AE45A3692F06A3F00FC9A4647473F3F9EF72103001B835CCB52B55A9D9D9D4DBA6D64643FD14AA5D2F8F8F8A1433F3F00F4443F00444D3F00444D3F00444D3F00444D3F00444D3F00444D3F00444D3F00444D3F00444D3F00444D3F00444D3F00444D3F00444D3F00444D3F00444D3F00444D3F00444D3F00444D3F00444D3F00444D3F00444D3F00444D3F00444D3F00444D3F00444D3F00444D3F00444D3F00444D3F00444D3F00444D3F00444D3F00444D3F00444D3F00444D3F00444D3F00444D3F00444D3F00444D3F00444D3F00444D3F00444D3F00444D3F00444D3F00444D3F00444D3F00444D3F00444D3F00444D3F00444D3F00444D3F00444D3F00444D3F00444D3F00444D3F00444D3F00444D3F00444D3F00444D3F00444D3F00444D3F00444D3F00444D3F00444D3F00444D3F00444D3F00444D3F00444D3F00444D3F00444D3F00444D3F00444D3F00444D3F00444D3F00444D3F00444D3F00444D3F00444D3F00444D3F00444D3F00444D3F00444D3F00444D3F00444D3F00444D3F00444D3F00444D3F00444D3F00444D3F00444D3F00444D3F00444D3F00444D3F00444D3F00444D3F00444D3F00444D3F00444D3F00444D3F00444D3F00444D3F00444D3F00444D3F00444D3F00444D3F00444D3F00444D3F00444D3F00444D3F00444D3F00444D3F00444D3F00444D3F00444D3F00444D3F00444D3F00444D3F00444D3F00444D3F00444D3F00444D3F00444D3F00444D3F00444D3F00444D3F00444D3F00444D3F00444D3F00444D3F00444D3F00444D3F00444D3F00444D3F00444D3F00444D3F00444D3F00444D3F00444D3F00444D3F00444D3F00444D3F00444D3F00444D3F00444D3F00444D3F00444D3F00444D3F00444D3F00444D3F00444D3F00444D3F00444D3F00444D3F00444D3F00444D3F00444D3F00444D3F00444D3F00444D3F00444D3F00444D3F00444D3F00444D3F00444D3F00444D3F00444D3F00444D3F00444D3F00444D3F00444D3F00444D3F00444D3F00444D3F00444D3F00444D3F00444D3F00444D3F00444D3F00444D3F00444D3F00444D3F00444D3F00443F033422B84B421D3F0000000049454E44AE42603F, 0);
/*!40000 ALTER TABLE `act_ge_bytearray` ENABLE KEYS */;


-- 导出  表 spring-app.act_ge_property 结构
CREATE TABLE IF NOT EXISTS `act_ge_property` (
  `NAME_` varchar(64) COLLATE utf8_bin NOT NULL DEFAULT '',
  `VALUE_` varchar(300) COLLATE utf8_bin DEFAULT NULL,
  `REV_` int(11) DEFAULT NULL,
  PRIMARY KEY (`NAME_`)
) ENGINE=InnoDB DEFAULT CHARSET=utf8 COLLATE=utf8_bin;

-- 正在导出表  spring-app.act_ge_property 的数据：~2 rows (大约)
/*!40000 ALTER TABLE `act_ge_property` DISABLE KEYS */;
INSERT INTO `act_ge_property` (`NAME_`, `VALUE_`, `REV_`) VALUES
	('next.dbid', '1', 1),
	('schema.history', 'create(5.16.4.0)', 1),
	('schema.version', '5.16.4.0', 1);
/*!40000 ALTER TABLE `act_ge_property` ENABLE KEYS */;


-- 导出  表 spring-app.act_hi_actinst 结构
CREATE TABLE IF NOT EXISTS `act_hi_actinst` (
  `ID_` varchar(64) COLLATE utf8_bin NOT NULL,
  `PROC_DEF_ID_` varchar(64) COLLATE utf8_bin NOT NULL,
  `PROC_INST_ID_` varchar(64) COLLATE utf8_bin NOT NULL,
  `EXECUTION_ID_` varchar(64) COLLATE utf8_bin NOT NULL,
  `ACT_ID_` varchar(255) COLLATE utf8_bin NOT NULL,
  `TASK_ID_` varchar(64) COLLATE utf8_bin DEFAULT NULL,
  `CALL_PROC_INST_ID_` varchar(64) COLLATE utf8_bin DEFAULT NULL,
  `ACT_NAME_` varchar(255) COLLATE utf8_bin DEFAULT NULL,
  `ACT_TYPE_` varchar(255) COLLATE utf8_bin NOT NULL,
  `ASSIGNEE_` varchar(255) COLLATE utf8_bin DEFAULT NULL,
  `START_TIME_` datetime(3) NOT NULL,
  `END_TIME_` datetime(3) DEFAULT NULL,
  `DURATION_` bigint(20) DEFAULT NULL,
  `TENANT_ID_` varchar(255) COLLATE utf8_bin DEFAULT '',
  PRIMARY KEY (`ID_`),
  KEY `ACT_IDX_HI_ACT_INST_START` (`START_TIME_`),
  KEY `ACT_IDX_HI_ACT_INST_END` (`END_TIME_`),
  KEY `ACT_IDX_HI_ACT_INST_PROCINST` (`PROC_INST_ID_`,`ACT_ID_`),
  KEY `ACT_IDX_HI_ACT_INST_EXEC` (`EXECUTION_ID_`,`ACT_ID_`)
) ENGINE=InnoDB DEFAULT CHARSET=utf8 COLLATE=utf8_bin;

-- 正在导出表  spring-app.act_hi_actinst 的数据：~15 rows (大约)
/*!40000 ALTER TABLE `act_hi_actinst` DISABLE KEYS */;
INSERT INTO `act_hi_actinst` (`ID_`, `PROC_DEF_ID_`, `PROC_INST_ID_`, `EXECUTION_ID_`, `ACT_ID_`, `TASK_ID_`, `CALL_PROC_INST_ID_`, `ACT_NAME_`, `ACT_TYPE_`, `ASSIGNEE_`, `START_TIME_`, `END_TIME_`, `DURATION_`, `TENANT_ID_`) VALUES
	('024c9e8b-b065-11e6-9178-d05099a603b1', 'Leave:1:3844e97a-b063-11e6-9178-d05099a603b1', 'a8d6a947-b063-11e6-9178-d05099a603b1', 'a8d6a947-b063-11e6-9178-d05099a603b1', 'exclusivegateway1', NULL, NULL, 'Exclusive Gateway', 'exclusiveGateway', NULL, '2016-11-22 11:37:35.814', '2016-11-22 11:37:35.814', 0, ''),
	('024c9e8c-b065-11e6-9178-d05099a603b1', 'Leave:1:3844e97a-b063-11e6-9178-d05099a603b1', 'a8d6a947-b063-11e6-9178-d05099a603b1', 'a8d6a947-b063-11e6-9178-d05099a603b1', 'endevent1', NULL, NULL, 'End', 'endEvent', NULL, '2016-11-22 11:37:35.814', '2016-11-22 11:37:35.814', 0, ''),
	('097d497e-b065-11e6-9178-d05099a603b1', 'Leave:1:3844e97a-b063-11e6-9178-d05099a603b1', '8f97f421-b063-11e6-9178-d05099a603b1', '8f97f421-b063-11e6-9178-d05099a603b1', 'usertask1', '097d497f-b065-11e6-9178-d05099a603b1', NULL, '主管审核', 'userTask', '62619962-c88c-4530-b424-ced43b30e1ea', '2016-11-22 11:37:47.877', '2016-11-22 11:37:51.271', 3394, ''),
	('0b832ba1-b065-11e6-9178-d05099a603b1', 'Leave:1:3844e97a-b063-11e6-9178-d05099a603b1', '8f97f421-b063-11e6-9178-d05099a603b1', '8f97f421-b063-11e6-9178-d05099a603b1', 'exclusivegateway1', NULL, NULL, 'Exclusive Gateway', 'exclusiveGateway', NULL, '2016-11-22 11:37:51.271', '2016-11-22 11:37:51.271', 0, ''),
	('0b832ba2-b065-11e6-9178-d05099a603b1', 'Leave:1:3844e97a-b063-11e6-9178-d05099a603b1', '8f97f421-b063-11e6-9178-d05099a603b1', '8f97f421-b063-11e6-9178-d05099a603b1', 'usertask2', '0b832ba3-b065-11e6-9178-d05099a603b1', NULL, '重新申请', 'userTask', '62619962-c88c-4530-b424-ced43b30e1ea', '2016-11-22 11:37:51.271', NULL, NULL, ''),
	('3db546cc-b063-11e6-9178-d05099a603b1', 'Leave:1:3844e97a-b063-11e6-9178-d05099a603b1', '3db4d19b-b063-11e6-9178-d05099a603b1', '3db4d19b-b063-11e6-9178-d05099a603b1', 'startevent1', NULL, NULL, 'Start', 'startEvent', NULL, '2016-11-22 11:24:56.492', '2016-11-22 11:24:56.500', 8, ''),
	('3db67f4e-b063-11e6-9178-d05099a603b1', 'Leave:1:3844e97a-b063-11e6-9178-d05099a603b1', '3db4d19b-b063-11e6-9178-d05099a603b1', '3db4d19b-b063-11e6-9178-d05099a603b1', 'usertask1', '3db67f4f-b063-11e6-9178-d05099a603b1', NULL, '主管审核', 'userTask', '62619962-c88c-4530-b424-ced43b30e1ea', '2016-11-22 11:24:56.500', '2016-11-22 11:36:41.909', 705409, ''),
	('8f97f422-b063-11e6-9178-d05099a603b1', 'Leave:1:3844e97a-b063-11e6-9178-d05099a603b1', '8f97f421-b063-11e6-9178-d05099a603b1', '8f97f421-b063-11e6-9178-d05099a603b1', 'startevent1', NULL, NULL, 'Start', 'startEvent', NULL, '2016-11-22 11:27:13.873', '2016-11-22 11:27:13.873', 0, ''),
	('8f97f424-b063-11e6-9178-d05099a603b1', 'Leave:1:3844e97a-b063-11e6-9178-d05099a603b1', '8f97f421-b063-11e6-9178-d05099a603b1', '8f97f421-b063-11e6-9178-d05099a603b1', 'usertask1', '8f97f425-b063-11e6-9178-d05099a603b1', NULL, '主管审核', 'userTask', '62619962-c88c-4530-b424-ced43b30e1ea', '2016-11-22 11:27:13.873', '2016-11-22 11:37:23.907', 610034, ''),
	('a8d6a948-b063-11e6-9178-d05099a603b1', 'Leave:1:3844e97a-b063-11e6-9178-d05099a603b1', 'a8d6a947-b063-11e6-9178-d05099a603b1', 'a8d6a947-b063-11e6-9178-d05099a603b1', 'startevent1', NULL, NULL, 'Start', 'startEvent', NULL, '2016-11-22 11:27:56.227', '2016-11-22 11:27:56.227', 0, ''),
	('a8d6a94a-b063-11e6-9178-d05099a603b1', 'Leave:1:3844e97a-b063-11e6-9178-d05099a603b1', 'a8d6a947-b063-11e6-9178-d05099a603b1', 'a8d6a947-b063-11e6-9178-d05099a603b1', 'usertask1', 'a8d6a94b-b063-11e6-9178-d05099a603b1', NULL, '主管审核', 'userTask', '62619962-c88c-4530-b424-ced43b30e1ea', '2016-11-22 11:27:56.227', '2016-11-22 11:37:35.814', 579587, ''),
	('e22b5e70-b064-11e6-9178-d05099a603b1', 'Leave:1:3844e97a-b063-11e6-9178-d05099a603b1', '3db4d19b-b063-11e6-9178-d05099a603b1', '3db4d19b-b063-11e6-9178-d05099a603b1', 'exclusivegateway1', NULL, NULL, 'Exclusive Gateway', 'exclusiveGateway', NULL, '2016-11-22 11:36:41.909', '2016-11-22 11:36:41.912', 3, ''),
	('e22bd3a1-b064-11e6-9178-d05099a603b1', 'Leave:1:3844e97a-b063-11e6-9178-d05099a603b1', '3db4d19b-b063-11e6-9178-d05099a603b1', '3db4d19b-b063-11e6-9178-d05099a603b1', 'endevent1', NULL, NULL, 'End', 'endEvent', NULL, '2016-11-22 11:36:41.912', '2016-11-22 11:36:41.912', 0, ''),
	('fb33c155-b064-11e6-9178-d05099a603b1', 'Leave:1:3844e97a-b063-11e6-9178-d05099a603b1', '8f97f421-b063-11e6-9178-d05099a603b1', '8f97f421-b063-11e6-9178-d05099a603b1', 'exclusivegateway1', NULL, NULL, 'Exclusive Gateway', 'exclusiveGateway', NULL, '2016-11-22 11:37:23.907', '2016-11-22 11:37:23.907', 0, ''),
	('fb33c156-b064-11e6-9178-d05099a603b1', 'Leave:1:3844e97a-b063-11e6-9178-d05099a603b1', '8f97f421-b063-11e6-9178-d05099a603b1', '8f97f421-b063-11e6-9178-d05099a603b1', 'usertask2', 'fb33c157-b064-11e6-9178-d05099a603b1', NULL, '重新申请', 'userTask', '62619962-c88c-4530-b424-ced43b30e1ea', '2016-11-22 11:37:23.907', '2016-11-22 11:37:47.877', 23970, '');
/*!40000 ALTER TABLE `act_hi_actinst` ENABLE KEYS */;


-- 导出  表 spring-app.act_hi_attachment 结构
CREATE TABLE IF NOT EXISTS `act_hi_attachment` (
  `ID_` varchar(64) COLLATE utf8_bin NOT NULL,
  `REV_` int(11) DEFAULT NULL,
  `USER_ID_` varchar(255) COLLATE utf8_bin DEFAULT NULL,
  `NAME_` varchar(255) COLLATE utf8_bin DEFAULT NULL,
  `DESCRIPTION_` varchar(4000) COLLATE utf8_bin DEFAULT NULL,
  `TYPE_` varchar(255) COLLATE utf8_bin DEFAULT NULL,
  `TASK_ID_` varchar(64) COLLATE utf8_bin DEFAULT NULL,
  `PROC_INST_ID_` varchar(64) COLLATE utf8_bin DEFAULT NULL,
  `URL_` varchar(4000) COLLATE utf8_bin DEFAULT NULL,
  `CONTENT_ID_` varchar(64) COLLATE utf8_bin DEFAULT NULL,
  PRIMARY KEY (`ID_`)
) ENGINE=InnoDB DEFAULT CHARSET=utf8 COLLATE=utf8_bin;

-- 正在导出表  spring-app.act_hi_attachment 的数据：~0 rows (大约)
/*!40000 ALTER TABLE `act_hi_attachment` DISABLE KEYS */;
/*!40000 ALTER TABLE `act_hi_attachment` ENABLE KEYS */;


-- 导出  表 spring-app.act_hi_comment 结构
CREATE TABLE IF NOT EXISTS `act_hi_comment` (
  `ID_` varchar(64) COLLATE utf8_bin NOT NULL,
  `TYPE_` varchar(255) COLLATE utf8_bin DEFAULT NULL,
  `TIME_` datetime(3) NOT NULL,
  `USER_ID_` varchar(255) COLLATE utf8_bin DEFAULT NULL,
  `TASK_ID_` varchar(64) COLLATE utf8_bin DEFAULT NULL,
  `PROC_INST_ID_` varchar(64) COLLATE utf8_bin DEFAULT NULL,
  `ACTION_` varchar(255) COLLATE utf8_bin DEFAULT NULL,
  `MESSAGE_` varchar(4000) COLLATE utf8_bin DEFAULT NULL,
  `FULL_MSG_` longblob,
  PRIMARY KEY (`ID_`)
) ENGINE=InnoDB DEFAULT CHARSET=utf8 COLLATE=utf8_bin;

-- 正在导出表  spring-app.act_hi_comment 的数据：~5 rows (大约)
/*!40000 ALTER TABLE `act_hi_comment` DISABLE KEYS */;
INSERT INTO `act_hi_comment` (`ID_`, `TYPE_`, `TIME_`, `USER_ID_`, `TASK_ID_`, `PROC_INST_ID_`, `ACTION_`, `MESSAGE_`, `FULL_MSG_`) VALUES
	('02494328-b065-11e6-9178-d05099a603b1', 'comment', '2016-11-22 11:37:35.792', '62619962-c88c-4530-b424-ced43b30e1ea', 'a8d6a94b-b063-11e6-9178-d05099a603b1', 'a8d6a947-b063-11e6-9178-d05099a603b1', 'AddComment', '111', _binary 0x313131),
	('097a8a5d-b065-11e6-9178-d05099a603b1', 'comment', '2016-11-22 11:37:47.859', '62619962-c88c-4530-b424-ced43b30e1ea', 'fb33c157-b064-11e6-9178-d05099a603b1', '8f97f421-b063-11e6-9178-d05099a603b1', 'AddComment', '123123123', _binary 0x313233313233313233),
	('0b7f5b10-b065-11e6-9178-d05099a603b1', 'comment', '2016-11-22 11:37:51.246', '62619962-c88c-4530-b424-ced43b30e1ea', '097d497f-b065-11e6-9178-d05099a603b1', '8f97f421-b063-11e6-9178-d05099a603b1', 'AddComment', '2222', _binary 0x32323232),
	('e215da9d-b064-11e6-9178-d05099a603b1', 'comment', '2016-11-22 11:36:41.768', '62619962-c88c-4530-b424-ced43b30e1ea', '3db67f4f-b063-11e6-9178-d05099a603b1', '3db4d19b-b063-11e6-9178-d05099a603b1', 'AddComment', '', _binary ''),
	('fb2ff0c2-b064-11e6-9178-d05099a603b1', 'comment', '2016-11-22 11:37:23.882', '62619962-c88c-4530-b424-ced43b30e1ea', '8f97f425-b063-11e6-9178-d05099a603b1', '8f97f421-b063-11e6-9178-d05099a603b1', 'AddComment', '', _binary '');
/*!40000 ALTER TABLE `act_hi_comment` ENABLE KEYS */;


-- 导出  表 spring-app.act_hi_detail 结构
CREATE TABLE IF NOT EXISTS `act_hi_detail` (
  `ID_` varchar(64) COLLATE utf8_bin NOT NULL,
  `TYPE_` varchar(255) COLLATE utf8_bin NOT NULL,
  `PROC_INST_ID_` varchar(64) COLLATE utf8_bin DEFAULT NULL,
  `EXECUTION_ID_` varchar(64) COLLATE utf8_bin DEFAULT NULL,
  `TASK_ID_` varchar(64) COLLATE utf8_bin DEFAULT NULL,
  `ACT_INST_ID_` varchar(64) COLLATE utf8_bin DEFAULT NULL,
  `NAME_` varchar(255) COLLATE utf8_bin NOT NULL,
  `VAR_TYPE_` varchar(255) COLLATE utf8_bin DEFAULT NULL,
  `REV_` int(11) DEFAULT NULL,
  `TIME_` datetime(3) NOT NULL,
  `BYTEARRAY_ID_` varchar(64) COLLATE utf8_bin DEFAULT NULL,
  `DOUBLE_` double DEFAULT NULL,
  `LONG_` bigint(20) DEFAULT NULL,
  `TEXT_` varchar(4000) COLLATE utf8_bin DEFAULT NULL,
  `TEXT2_` varchar(4000) COLLATE utf8_bin DEFAULT NULL,
  PRIMARY KEY (`ID_`),
  KEY `ACT_IDX_HI_DETAIL_PROC_INST` (`PROC_INST_ID_`),
  KEY `ACT_IDX_HI_DETAIL_ACT_INST` (`ACT_INST_ID_`),
  KEY `ACT_IDX_HI_DETAIL_TIME` (`TIME_`),
  KEY `ACT_IDX_HI_DETAIL_NAME` (`NAME_`),
  KEY `ACT_IDX_HI_DETAIL_TASK_ID` (`TASK_ID_`)
) ENGINE=InnoDB DEFAULT CHARSET=utf8 COLLATE=utf8_bin;

-- 正在导出表  spring-app.act_hi_detail 的数据：~0 rows (大约)
/*!40000 ALTER TABLE `act_hi_detail` DISABLE KEYS */;
/*!40000 ALTER TABLE `act_hi_detail` ENABLE KEYS */;


-- 导出  表 spring-app.act_hi_identitylink 结构
CREATE TABLE IF NOT EXISTS `act_hi_identitylink` (
  `ID_` varchar(64) COLLATE utf8_bin NOT NULL DEFAULT '',
  `GROUP_ID_` varchar(255) COLLATE utf8_bin DEFAULT NULL,
  `TYPE_` varchar(255) COLLATE utf8_bin DEFAULT NULL,
  `USER_ID_` varchar(255) COLLATE utf8_bin DEFAULT NULL,
  `TASK_ID_` varchar(64) COLLATE utf8_bin DEFAULT NULL,
  `PROC_INST_ID_` varchar(64) COLLATE utf8_bin DEFAULT NULL,
  PRIMARY KEY (`ID_`),
  KEY `ACT_IDX_HI_IDENT_LNK_USER` (`USER_ID_`),
  KEY `ACT_IDX_HI_IDENT_LNK_TASK` (`TASK_ID_`),
  KEY `ACT_IDX_HI_IDENT_LNK_PROCINST` (`PROC_INST_ID_`)
) ENGINE=InnoDB DEFAULT CHARSET=utf8 COLLATE=utf8_bin;

-- 正在导出表  spring-app.act_hi_identitylink 的数据：~2 rows (大约)
/*!40000 ALTER TABLE `act_hi_identitylink` DISABLE KEYS */;
INSERT INTO `act_hi_identitylink` (`ID_`, `GROUP_ID_`, `TYPE_`, `USER_ID_`, `TASK_ID_`, `PROC_INST_ID_`) VALUES
	('3dbce7f0-b063-11e6-9178-d05099a603b1', NULL, 'participant', '62619962-c88c-4530-b424-ced43b30e1ea', NULL, '3db4d19b-b063-11e6-9178-d05099a603b1'),
	('8f984246-b063-11e6-9178-d05099a603b1', NULL, 'participant', '62619962-c88c-4530-b424-ced43b30e1ea', NULL, '8f97f421-b063-11e6-9178-d05099a603b1'),
	('a8d71e7c-b063-11e6-9178-d05099a603b1', NULL, 'participant', '62619962-c88c-4530-b424-ced43b30e1ea', NULL, 'a8d6a947-b063-11e6-9178-d05099a603b1');
/*!40000 ALTER TABLE `act_hi_identitylink` ENABLE KEYS */;


-- 导出  表 spring-app.act_hi_procinst 结构
CREATE TABLE IF NOT EXISTS `act_hi_procinst` (
  `ID_` varchar(64) COLLATE utf8_bin NOT NULL,
  `PROC_INST_ID_` varchar(64) COLLATE utf8_bin NOT NULL,
  `BUSINESS_KEY_` varchar(255) COLLATE utf8_bin DEFAULT NULL,
  `PROC_DEF_ID_` varchar(64) COLLATE utf8_bin NOT NULL,
  `START_TIME_` datetime(3) NOT NULL,
  `END_TIME_` datetime(3) DEFAULT NULL,
  `DURATION_` bigint(20) DEFAULT NULL,
  `START_USER_ID_` varchar(255) COLLATE utf8_bin DEFAULT NULL,
  `START_ACT_ID_` varchar(255) COLLATE utf8_bin DEFAULT NULL,
  `END_ACT_ID_` varchar(255) COLLATE utf8_bin DEFAULT NULL,
  `SUPER_PROCESS_INSTANCE_ID_` varchar(64) COLLATE utf8_bin DEFAULT NULL,
  `DELETE_REASON_` varchar(4000) COLLATE utf8_bin DEFAULT NULL,
  `TENANT_ID_` varchar(255) COLLATE utf8_bin DEFAULT '',
  `NAME_` varchar(255) COLLATE utf8_bin DEFAULT NULL,
  PRIMARY KEY (`ID_`),
  UNIQUE KEY `PROC_INST_ID_` (`PROC_INST_ID_`),
  KEY `ACT_IDX_HI_PRO_INST_END` (`END_TIME_`),
  KEY `ACT_IDX_HI_PRO_I_BUSKEY` (`BUSINESS_KEY_`)
) ENGINE=InnoDB DEFAULT CHARSET=utf8 COLLATE=utf8_bin;

-- 正在导出表  spring-app.act_hi_procinst 的数据：~3 rows (大约)
/*!40000 ALTER TABLE `act_hi_procinst` DISABLE KEYS */;
INSERT INTO `act_hi_procinst` (`ID_`, `PROC_INST_ID_`, `BUSINESS_KEY_`, `PROC_DEF_ID_`, `START_TIME_`, `END_TIME_`, `DURATION_`, `START_USER_ID_`, `START_ACT_ID_`, `END_ACT_ID_`, `SUPER_PROCESS_INSTANCE_ID_`, `DELETE_REASON_`, `TENANT_ID_`, `NAME_`) VALUES
	('3db4d19b-b063-11e6-9178-d05099a603b1', '3db4d19b-b063-11e6-9178-d05099a603b1', 'Leave.fe7eb94c-19d0-4f1a-9048-0ba49acb93f5', 'Leave:1:3844e97a-b063-11e6-9178-d05099a603b1', '2016-11-22 11:24:56.491', '2016-11-22 11:36:41.921', 705430, NULL, 'startevent1', 'endevent1', NULL, NULL, '', NULL),
	('8f97f421-b063-11e6-9178-d05099a603b1', '8f97f421-b063-11e6-9178-d05099a603b1', 'Leave.d08ab8c6-71bf-4826-ad02-7c19d4a2d17c', 'Leave:1:3844e97a-b063-11e6-9178-d05099a603b1', '2016-11-22 11:27:13.873', NULL, NULL, NULL, 'startevent1', NULL, NULL, NULL, '', NULL),
	('a8d6a947-b063-11e6-9178-d05099a603b1', 'a8d6a947-b063-11e6-9178-d05099a603b1', 'Leave.defe73a1-f551-42ad-b4aa-f26cbef5ac60', 'Leave:1:3844e97a-b063-11e6-9178-d05099a603b1', '2016-11-22 11:27:56.227', '2016-11-22 11:37:35.815', 579588, NULL, 'startevent1', 'endevent1', NULL, NULL, '', NULL);
/*!40000 ALTER TABLE `act_hi_procinst` ENABLE KEYS */;


-- 导出  表 spring-app.act_hi_taskinst 结构
CREATE TABLE IF NOT EXISTS `act_hi_taskinst` (
  `ID_` varchar(64) COLLATE utf8_bin NOT NULL,
  `PROC_DEF_ID_` varchar(64) COLLATE utf8_bin DEFAULT NULL,
  `TASK_DEF_KEY_` varchar(255) COLLATE utf8_bin DEFAULT NULL,
  `PROC_INST_ID_` varchar(64) COLLATE utf8_bin DEFAULT NULL,
  `EXECUTION_ID_` varchar(64) COLLATE utf8_bin DEFAULT NULL,
  `NAME_` varchar(255) COLLATE utf8_bin DEFAULT NULL,
  `PARENT_TASK_ID_` varchar(64) COLLATE utf8_bin DEFAULT NULL,
  `DESCRIPTION_` varchar(4000) COLLATE utf8_bin DEFAULT NULL,
  `OWNER_` varchar(255) COLLATE utf8_bin DEFAULT NULL,
  `ASSIGNEE_` varchar(255) COLLATE utf8_bin DEFAULT NULL,
  `START_TIME_` datetime(3) NOT NULL,
  `CLAIM_TIME_` datetime(3) DEFAULT NULL,
  `END_TIME_` datetime(3) DEFAULT NULL,
  `DURATION_` bigint(20) DEFAULT NULL,
  `DELETE_REASON_` varchar(4000) COLLATE utf8_bin DEFAULT NULL,
  `PRIORITY_` int(11) DEFAULT NULL,
  `DUE_DATE_` datetime(3) DEFAULT NULL,
  `FORM_KEY_` varchar(255) COLLATE utf8_bin DEFAULT NULL,
  `CATEGORY_` varchar(255) COLLATE utf8_bin DEFAULT NULL,
  `TENANT_ID_` varchar(255) COLLATE utf8_bin DEFAULT '',
  PRIMARY KEY (`ID_`)
) ENGINE=InnoDB DEFAULT CHARSET=utf8 COLLATE=utf8_bin;

-- 正在导出表  spring-app.act_hi_taskinst 的数据：~6 rows (大约)
/*!40000 ALTER TABLE `act_hi_taskinst` DISABLE KEYS */;
INSERT INTO `act_hi_taskinst` (`ID_`, `PROC_DEF_ID_`, `TASK_DEF_KEY_`, `PROC_INST_ID_`, `EXECUTION_ID_`, `NAME_`, `PARENT_TASK_ID_`, `DESCRIPTION_`, `OWNER_`, `ASSIGNEE_`, `START_TIME_`, `CLAIM_TIME_`, `END_TIME_`, `DURATION_`, `DELETE_REASON_`, `PRIORITY_`, `DUE_DATE_`, `FORM_KEY_`, `CATEGORY_`, `TENANT_ID_`) VALUES
	('097d497f-b065-11e6-9178-d05099a603b1', 'Leave:1:3844e97a-b063-11e6-9178-d05099a603b1', 'usertask1', '8f97f421-b063-11e6-9178-d05099a603b1', '8f97f421-b063-11e6-9178-d05099a603b1', '主管审核', NULL, NULL, NULL, '62619962-c88c-4530-b424-ced43b30e1ea', '2016-11-22 11:37:47.877', NULL, '2016-11-22 11:37:51.268', 3391, 'completed', 50, NULL, '/activiti/leave/toExamine.do', NULL, ''),
	('0b832ba3-b065-11e6-9178-d05099a603b1', 'Leave:1:3844e97a-b063-11e6-9178-d05099a603b1', 'usertask2', '8f97f421-b063-11e6-9178-d05099a603b1', '8f97f421-b063-11e6-9178-d05099a603b1', '重新申请', NULL, NULL, NULL, '62619962-c88c-4530-b424-ced43b30e1ea', '2016-11-22 11:37:51.271', NULL, NULL, NULL, NULL, 50, NULL, '/activiti/leave/toUpdate.do', NULL, ''),
	('3db67f4f-b063-11e6-9178-d05099a603b1', 'Leave:1:3844e97a-b063-11e6-9178-d05099a603b1', 'usertask1', '3db4d19b-b063-11e6-9178-d05099a603b1', '3db4d19b-b063-11e6-9178-d05099a603b1', '主管审核', NULL, NULL, NULL, '62619962-c88c-4530-b424-ced43b30e1ea', '2016-11-22 11:24:56.500', NULL, '2016-11-22 11:36:41.868', 705368, 'completed', 50, NULL, '/activiti/leave/toExamine.do', NULL, ''),
	('8f97f425-b063-11e6-9178-d05099a603b1', 'Leave:1:3844e97a-b063-11e6-9178-d05099a603b1', 'usertask1', '8f97f421-b063-11e6-9178-d05099a603b1', '8f97f421-b063-11e6-9178-d05099a603b1', '主管审核', NULL, NULL, NULL, '62619962-c88c-4530-b424-ced43b30e1ea', '2016-11-22 11:27:13.873', NULL, '2016-11-22 11:37:23.902', 610029, 'completed', 50, NULL, '/activiti/leave/toExamine.do', NULL, ''),
	('a8d6a94b-b063-11e6-9178-d05099a603b1', 'Leave:1:3844e97a-b063-11e6-9178-d05099a603b1', 'usertask1', 'a8d6a947-b063-11e6-9178-d05099a603b1', 'a8d6a947-b063-11e6-9178-d05099a603b1', '主管审核', NULL, NULL, NULL, '62619962-c88c-4530-b424-ced43b30e1ea', '2016-11-22 11:27:56.227', NULL, '2016-11-22 11:37:35.810', 579583, 'completed', 50, NULL, '/activiti/leave/toExamine.do', NULL, ''),
	('fb33c157-b064-11e6-9178-d05099a603b1', 'Leave:1:3844e97a-b063-11e6-9178-d05099a603b1', 'usertask2', '8f97f421-b063-11e6-9178-d05099a603b1', '8f97f421-b063-11e6-9178-d05099a603b1', '重新申请', NULL, NULL, NULL, '62619962-c88c-4530-b424-ced43b30e1ea', '2016-11-22 11:37:23.907', NULL, '2016-11-22 11:37:47.875', 23968, 'completed', 50, NULL, '/activiti/leave/toUpdate.do', NULL, '');
/*!40000 ALTER TABLE `act_hi_taskinst` ENABLE KEYS */;


-- 导出  表 spring-app.act_hi_varinst 结构
CREATE TABLE IF NOT EXISTS `act_hi_varinst` (
  `ID_` varchar(64) COLLATE utf8_bin NOT NULL,
  `PROC_INST_ID_` varchar(64) COLLATE utf8_bin DEFAULT NULL,
  `EXECUTION_ID_` varchar(64) COLLATE utf8_bin DEFAULT NULL,
  `TASK_ID_` varchar(64) COLLATE utf8_bin DEFAULT NULL,
  `NAME_` varchar(255) COLLATE utf8_bin NOT NULL,
  `VAR_TYPE_` varchar(100) COLLATE utf8_bin DEFAULT NULL,
  `REV_` int(11) DEFAULT NULL,
  `BYTEARRAY_ID_` varchar(64) COLLATE utf8_bin DEFAULT NULL,
  `DOUBLE_` double DEFAULT NULL,
  `LONG_` bigint(20) DEFAULT NULL,
  `TEXT_` varchar(4000) COLLATE utf8_bin DEFAULT NULL,
  `TEXT2_` varchar(4000) COLLATE utf8_bin DEFAULT NULL,
  `CREATE_TIME_` datetime(3) DEFAULT NULL,
  `LAST_UPDATED_TIME_` datetime(3) DEFAULT NULL,
  PRIMARY KEY (`ID_`),
  KEY `ACT_IDX_HI_PROCVAR_PROC_INST` (`PROC_INST_ID_`),
  KEY `ACT_IDX_HI_PROCVAR_NAME_TYPE` (`NAME_`,`VAR_TYPE_`),
  KEY `ACT_IDX_HI_PROCVAR_TASK_ID` (`TASK_ID_`)
) ENGINE=InnoDB DEFAULT CHARSET=utf8 COLLATE=utf8_bin;

-- 正在导出表  spring-app.act_hi_varinst 的数据：~9 rows (大约)
/*!40000 ALTER TABLE `act_hi_varinst` DISABLE KEYS */;
INSERT INTO `act_hi_varinst` (`ID_`, `PROC_INST_ID_`, `EXECUTION_ID_`, `TASK_ID_`, `NAME_`, `VAR_TYPE_`, `REV_`, `BYTEARRAY_ID_`, `DOUBLE_`, `LONG_`, `TEXT_`, `TEXT2_`, `CREATE_TIME_`, `LAST_UPDATED_TIME_`) VALUES
	('024b6609-b065-11e6-9178-d05099a603b1', 'a8d6a947-b063-11e6-9178-d05099a603b1', 'a8d6a947-b063-11e6-9178-d05099a603b1', NULL, 'message', 'string', 0, NULL, NULL, NULL, '同意', NULL, '2016-11-22 11:37:35.806', '2016-11-22 11:37:35.817'),
	('024b660a-b065-11e6-9178-d05099a603b1', 'a8d6a947-b063-11e6-9178-d05099a603b1', 'a8d6a947-b063-11e6-9178-d05099a603b1', NULL, 'inputUser', 'string', 0, NULL, NULL, NULL, '62619962-c88c-4530-b424-ced43b30e1ea', NULL, '2016-11-22 11:37:35.806', '2016-11-22 11:37:35.817'),
	('3db546cd-b063-11e6-9178-d05099a603b1', '3db4d19b-b063-11e6-9178-d05099a603b1', '3db4d19b-b063-11e6-9178-d05099a603b1', NULL, 'inputUser2', 'string', 1, NULL, NULL, NULL, '62619962-c88c-4530-b424-ced43b30e1ea', NULL, '2016-11-22 11:24:56.492', '2016-11-22 11:36:41.930'),
	('8f97f423-b063-11e6-9178-d05099a603b1', '8f97f421-b063-11e6-9178-d05099a603b1', '8f97f421-b063-11e6-9178-d05099a603b1', NULL, 'inputUser2', 'string', 0, NULL, NULL, NULL, '62619962-c88c-4530-b424-ced43b30e1ea', NULL, '2016-11-22 11:27:13.873', '2016-11-22 11:27:13.873'),
	('a8d6a949-b063-11e6-9178-d05099a603b1', 'a8d6a947-b063-11e6-9178-d05099a603b1', 'a8d6a947-b063-11e6-9178-d05099a603b1', NULL, 'inputUser2', 'string', 1, NULL, NULL, NULL, '62619962-c88c-4530-b424-ced43b30e1ea', NULL, '2016-11-22 11:27:56.227', '2016-11-22 11:37:35.817'),
	('e2220f9e-b064-11e6-9178-d05099a603b1', '3db4d19b-b063-11e6-9178-d05099a603b1', '3db4d19b-b063-11e6-9178-d05099a603b1', NULL, 'message', 'string', 0, NULL, NULL, NULL, '同意', NULL, '2016-11-22 11:36:41.848', '2016-11-22 11:36:41.930'),
	('e2220f9f-b064-11e6-9178-d05099a603b1', '3db4d19b-b063-11e6-9178-d05099a603b1', '3db4d19b-b063-11e6-9178-d05099a603b1', NULL, 'inputUser', 'string', 0, NULL, NULL, NULL, '62619962-c88c-4530-b424-ced43b30e1ea', NULL, '2016-11-22 11:36:41.848', '2016-11-22 11:36:41.930'),
	('fb323ab3-b064-11e6-9178-d05099a603b1', '8f97f421-b063-11e6-9178-d05099a603b1', '8f97f421-b063-11e6-9178-d05099a603b1', NULL, 'message', 'string', 2, NULL, NULL, NULL, '不同意', NULL, '2016-11-22 11:37:23.897', '2016-11-22 11:37:51.262'),
	('fb323ab4-b064-11e6-9178-d05099a603b1', '8f97f421-b063-11e6-9178-d05099a603b1', '8f97f421-b063-11e6-9178-d05099a603b1', NULL, 'inputUser', 'string', 2, NULL, NULL, NULL, '62619962-c88c-4530-b424-ced43b30e1ea', NULL, '2016-11-22 11:37:23.897', '2016-11-22 11:37:51.263');
/*!40000 ALTER TABLE `act_hi_varinst` ENABLE KEYS */;


-- 导出  表 spring-app.act_id_group 结构
CREATE TABLE IF NOT EXISTS `act_id_group` (
  `ID_` varchar(64) COLLATE utf8_bin NOT NULL DEFAULT '',
  `REV_` int(11) DEFAULT NULL,
  `NAME_` varchar(255) COLLATE utf8_bin DEFAULT NULL,
  `TYPE_` varchar(255) COLLATE utf8_bin DEFAULT NULL,
  PRIMARY KEY (`ID_`)
) ENGINE=InnoDB DEFAULT CHARSET=utf8 COLLATE=utf8_bin;

-- 正在导出表  spring-app.act_id_group 的数据：~0 rows (大约)
/*!40000 ALTER TABLE `act_id_group` DISABLE KEYS */;
/*!40000 ALTER TABLE `act_id_group` ENABLE KEYS */;


-- 导出  表 spring-app.act_id_info 结构
CREATE TABLE IF NOT EXISTS `act_id_info` (
  `ID_` varchar(64) COLLATE utf8_bin NOT NULL DEFAULT '',
  `REV_` int(11) DEFAULT NULL,
  `USER_ID_` varchar(64) COLLATE utf8_bin DEFAULT NULL,
  `TYPE_` varchar(64) COLLATE utf8_bin DEFAULT NULL,
  `KEY_` varchar(255) COLLATE utf8_bin DEFAULT NULL,
  `VALUE_` varchar(255) COLLATE utf8_bin DEFAULT NULL,
  `PASSWORD_` longblob,
  `PARENT_ID_` varchar(255) COLLATE utf8_bin DEFAULT NULL,
  PRIMARY KEY (`ID_`)
) ENGINE=InnoDB DEFAULT CHARSET=utf8 COLLATE=utf8_bin;

-- 正在导出表  spring-app.act_id_info 的数据：~0 rows (大约)
/*!40000 ALTER TABLE `act_id_info` DISABLE KEYS */;
/*!40000 ALTER TABLE `act_id_info` ENABLE KEYS */;


-- 导出  表 spring-app.act_id_membership 结构
CREATE TABLE IF NOT EXISTS `act_id_membership` (
  `USER_ID_` varchar(64) COLLATE utf8_bin NOT NULL DEFAULT '',
  `GROUP_ID_` varchar(64) COLLATE utf8_bin NOT NULL DEFAULT '',
  PRIMARY KEY (`USER_ID_`,`GROUP_ID_`),
  KEY `ACT_FK_MEMB_GROUP` (`GROUP_ID_`),
  CONSTRAINT `ACT_FK_MEMB_GROUP` FOREIGN KEY (`GROUP_ID_`) REFERENCES `act_id_group` (`ID_`),
  CONSTRAINT `ACT_FK_MEMB_USER` FOREIGN KEY (`USER_ID_`) REFERENCES `act_id_user` (`ID_`)
) ENGINE=InnoDB DEFAULT CHARSET=utf8 COLLATE=utf8_bin;

-- 正在导出表  spring-app.act_id_membership 的数据：~0 rows (大约)
/*!40000 ALTER TABLE `act_id_membership` DISABLE KEYS */;
/*!40000 ALTER TABLE `act_id_membership` ENABLE KEYS */;


-- 导出  表 spring-app.act_id_user 结构
CREATE TABLE IF NOT EXISTS `act_id_user` (
  `ID_` varchar(64) COLLATE utf8_bin NOT NULL DEFAULT '',
  `REV_` int(11) DEFAULT NULL,
  `FIRST_` varchar(255) COLLATE utf8_bin DEFAULT NULL,
  `LAST_` varchar(255) COLLATE utf8_bin DEFAULT NULL,
  `EMAIL_` varchar(255) COLLATE utf8_bin DEFAULT NULL,
  `PWD_` varchar(255) COLLATE utf8_bin DEFAULT NULL,
  `PICTURE_ID_` varchar(64) COLLATE utf8_bin DEFAULT NULL,
  PRIMARY KEY (`ID_`)
) ENGINE=InnoDB DEFAULT CHARSET=utf8 COLLATE=utf8_bin;

-- 正在导出表  spring-app.act_id_user 的数据：~0 rows (大约)
/*!40000 ALTER TABLE `act_id_user` DISABLE KEYS */;
/*!40000 ALTER TABLE `act_id_user` ENABLE KEYS */;


-- 导出  表 spring-app.act_leave 结构
CREATE TABLE IF NOT EXISTS `act_leave` (
  `id` varchar(50) NOT NULL,
  `days` varchar(50) DEFAULT NULL,
  `reason` varchar(50) DEFAULT NULL,
  PRIMARY KEY (`id`)
) ENGINE=InnoDB DEFAULT CHARSET=utf8;

-- 正在导出表  spring-app.act_leave 的数据：~57 rows (大约)
/*!40000 ALTER TABLE `act_leave` DISABLE KEYS */;
INSERT INTO `act_leave` (`id`, `days`, `reason`) VALUES
	('', '123', '123'),
	('01cb9725-07e3-4099-b77f-3b012817005a', '123', '123123123'),
	('040ebea9-225b-496d-adef-3858f52ec732', '123', '123'),
	('0bbb417b-7f89-41b3-87e3-1eaa8e40df49', '123', '123'),
	('11fdbe9f-9a3a-43ec-8008-29a41dbb7be0', '2222', '2222'),
	('1453d675-40c7-49a0-88d7-6bbe4e5a045a', '123', '123'),
	('1db75f97-af96-4d99-b839-1e66da80b06b', '123123', '123123'),
	('1e3f28b3-cc39-453f-99ea-5b7611328db5', '222', '222'),
	('234b9e23-f70a-46a3-bde7-ba6b0992a4a0', '123', '123'),
	('28ec6dc4-7db5-4350-af6c-fe1de974072c', '123', '123'),
	('36fe7276-2330-4034-872b-8523f241ebde', '123', '123'),
	('3b6c5fc4-be97-4c90-ba0f-392fb05a6bec', '12312', '12312'),
	('3cb57675-4c96-4a68-8823-3de0d5518587', '123123', '123123'),
	('3d03d2f3-0874-49e1-98b0-6668f408c8bb', '123', '123'),
	('3f99b95c-2827-4d95-9492-59c06227c6f4', '222', '222'),
	('44fe5b80-1622-4afb-8886-da90711979cb', '123', '123'),
	('49a4e3fe-740b-4a4e-bc82-a3adf0516b5c', '123', '123'),
	('4d8d3e6b-290f-4b18-a8c4-f7d009e898a3', '123', '123'),
	('50d132fb-682b-4fba-b7c6-79445b12653b', '123', '123'),
	('52942741-078b-451b-a473-e7bd88730224', '123', '123'),
	('540e925f-6e96-4bd5-868e-09fa4d6e63d8', '123', '123'),
	('5b77da9f-0bcf-4af9-943c-d9ce0760f29e', '123', '123'),
	('5bb0210c-5b2f-4248-80c4-cdf4fc2e6fb3', '123', '123'),
	('5f11b39c-53db-4106-8018-67ecb4bd4af3', '123', '123'),
	('65adb2ee-b32e-4b4b-be80-7f4bda23c4fb', '123', '123'),
	('6dbd2cf4-50b9-4244-9461-4989c06cb59d', '222', '22'),
	('75eca93b-c5ed-4cc3-bc42-636685faf132', '123', '123'),
	('7eb195a1-f1a4-4f86-8e6b-17b5ccc3c64c', '123', '123'),
	('84632dc4-4bb5-4465-9c84-8e5d8b4098e1', '123', '123'),
	('8a4d3289-940e-499d-9d1b-a861c1ea0d7b', '123', '123'),
	('8eac8540-abeb-4363-9182-78bc38c403bb', '123', '123'),
	('91e60a68-f2f7-4707-8a8b-be420af31ead', '123', '123'),
	('9530e40a-cc0b-4c7a-afe1-91283dd52413', '123', '123'),
	('99407969-c97a-4ac5-8a9d-eb6df1bb4183', '222', '222'),
	('a0bdb1b4-e7ca-4594-b60b-ec21f14b4fe1', '123', '123'),
	('a33aa4b2-0e2d-4681-a78d-ee63555d078e', '123', '123'),
	('a401daef-624c-46df-a739-598dda78d0c6', '123123', '123'),
	('a55004fe-966c-41f4-ab89-7921c23ddf79', '123', '123'),
	('b3f6cd7a-68f9-4035-9cd6-f62de0f7526e', '123', '123'),
	('bdb131f4-83ac-4535-a206-07626ecfe553', '123', '123'),
	('c06b3583-7daa-427a-a54c-5990791b9727', '123', '123'),
	('c3d5e2f9-bd02-4f28-80e3-033c669f8377', '123', '123'),
	('c90e8684-d221-4176-b428-f860ca5d0543', '123123', '123123'),
	('c9f21472-d8d7-4030-8e23-95c7041f8e73', '222', '22'),
	('d08ab8c6-71bf-4826-ad02-7c19d4a2d17c', '1', '1'),
	('d2a0225e-7924-4b7f-b963-9ba993dffeb3', '123', '3123'),
	('d7823275-4f4c-4e56-82ab-7e5b60d4f6c0', '123', '123'),
	('dc9ec758-7ce6-4c8a-95db-d7d86255f6b6', '2222', '2222'),
	('dd4fb989-5090-4e43-b191-cae89f8a2e8c', '123', '123'),
	('defe73a1-f551-42ad-b4aa-f26cbef5ac60', '2', '2'),
	('e191413f-f205-41ce-96ba-3f88d6568562', '123123', '123123'),
	('e66eeed8-5137-4e90-9030-72dc30f68f5f', '123', '123'),
	('e976a795-c88d-4c9f-af25-317d9bb6bf9e', '123', '123'),
	('ecfaaa93-7a64-4b27-a446-dfdef46f6a84', '12312', '3123'),
	('f1f16da4-5d21-4357-86e9-5d9171c989d2', '222', '222'),
	('f4571399-bc88-4fe9-97db-94d5f225593c', '2222', '22222'),
	('fafd1f9d-ea52-4725-bcc1-65be4e36fd96', '123', '123'),
	('fe7eb94c-19d0-4f1a-9048-0ba49acb93f5', '123', '123'),
	('fee5ff44-aa1d-4b82-895c-686eae10de85', '123', '123'),
	('ffe0ed32-0c85-40e6-a694-612ea0009a8e', '1222', '2222');
/*!40000 ALTER TABLE `act_leave` ENABLE KEYS */;


-- 导出  表 spring-app.act_re_deployment 结构
CREATE TABLE IF NOT EXISTS `act_re_deployment` (
  `ID_` varchar(64) COLLATE utf8_bin NOT NULL DEFAULT '',
  `NAME_` varchar(255) COLLATE utf8_bin DEFAULT NULL,
  `CATEGORY_` varchar(255) COLLATE utf8_bin DEFAULT NULL,
  `TENANT_ID_` varchar(255) COLLATE utf8_bin DEFAULT '',
  `DEPLOY_TIME_` timestamp(3) NOT NULL DEFAULT CURRENT_TIMESTAMP(3) ON UPDATE CURRENT_TIMESTAMP(3),
  PRIMARY KEY (`ID_`)
) ENGINE=InnoDB DEFAULT CHARSET=utf8 COLLATE=utf8_bin;

-- 正在导出表  spring-app.act_re_deployment 的数据：~0 rows (大约)
/*!40000 ALTER TABLE `act_re_deployment` DISABLE KEYS */;
INSERT INTO `act_re_deployment` (`ID_`, `NAME_`, `CATEGORY_`, `TENANT_ID_`, `DEPLOY_TIME_`) VALUES
	('38292417-b063-11e6-9178-d05099a603b1', '123', NULL, '', '2016-11-22 11:24:47.185');
/*!40000 ALTER TABLE `act_re_deployment` ENABLE KEYS */;


-- 导出  表 spring-app.act_re_model 结构
CREATE TABLE IF NOT EXISTS `act_re_model` (
  `ID_` varchar(64) COLLATE utf8_bin NOT NULL,
  `REV_` int(11) DEFAULT NULL,
  `NAME_` varchar(255) COLLATE utf8_bin DEFAULT NULL,
  `KEY_` varchar(255) COLLATE utf8_bin DEFAULT NULL,
  `CATEGORY_` varchar(255) COLLATE utf8_bin DEFAULT NULL,
  `CREATE_TIME_` timestamp(3) NULL DEFAULT NULL,
  `LAST_UPDATE_TIME_` timestamp(3) NULL DEFAULT NULL,
  `VERSION_` int(11) DEFAULT NULL,
  `META_INFO_` varchar(4000) COLLATE utf8_bin DEFAULT NULL,
  `DEPLOYMENT_ID_` varchar(64) COLLATE utf8_bin DEFAULT NULL,
  `EDITOR_SOURCE_VALUE_ID_` varchar(64) COLLATE utf8_bin DEFAULT NULL,
  `EDITOR_SOURCE_EXTRA_VALUE_ID_` varchar(64) COLLATE utf8_bin DEFAULT NULL,
  `TENANT_ID_` varchar(255) COLLATE utf8_bin DEFAULT '',
  PRIMARY KEY (`ID_`),
  KEY `ACT_FK_MODEL_SOURCE` (`EDITOR_SOURCE_VALUE_ID_`),
  KEY `ACT_FK_MODEL_SOURCE_EXTRA` (`EDITOR_SOURCE_EXTRA_VALUE_ID_`),
  KEY `ACT_FK_MODEL_DEPLOYMENT` (`DEPLOYMENT_ID_`),
  CONSTRAINT `ACT_FK_MODEL_DEPLOYMENT` FOREIGN KEY (`DEPLOYMENT_ID_`) REFERENCES `act_re_deployment` (`ID_`),
  CONSTRAINT `ACT_FK_MODEL_SOURCE` FOREIGN KEY (`EDITOR_SOURCE_VALUE_ID_`) REFERENCES `act_ge_bytearray` (`ID_`),
  CONSTRAINT `ACT_FK_MODEL_SOURCE_EXTRA` FOREIGN KEY (`EDITOR_SOURCE_EXTRA_VALUE_ID_`) REFERENCES `act_ge_bytearray` (`ID_`)
) ENGINE=InnoDB DEFAULT CHARSET=utf8 COLLATE=utf8_bin;

-- 正在导出表  spring-app.act_re_model 的数据：~0 rows (大约)
/*!40000 ALTER TABLE `act_re_model` DISABLE KEYS */;
/*!40000 ALTER TABLE `act_re_model` ENABLE KEYS */;


-- 导出  表 spring-app.act_re_procdef 结构
CREATE TABLE IF NOT EXISTS `act_re_procdef` (
  `ID_` varchar(64) COLLATE utf8_bin NOT NULL,
  `REV_` int(11) DEFAULT NULL,
  `CATEGORY_` varchar(255) COLLATE utf8_bin DEFAULT NULL,
  `NAME_` varchar(255) COLLATE utf8_bin DEFAULT NULL,
  `KEY_` varchar(255) COLLATE utf8_bin NOT NULL,
  `VERSION_` int(11) NOT NULL,
  `DEPLOYMENT_ID_` varchar(64) COLLATE utf8_bin DEFAULT NULL,
  `RESOURCE_NAME_` varchar(4000) COLLATE utf8_bin DEFAULT NULL,
  `DGRM_RESOURCE_NAME_` varchar(4000) COLLATE utf8_bin DEFAULT NULL,
  `DESCRIPTION_` varchar(4000) COLLATE utf8_bin DEFAULT NULL,
  `HAS_START_FORM_KEY_` tinyint(4) DEFAULT NULL,
  `SUSPENSION_STATE_` int(11) DEFAULT NULL,
  `TENANT_ID_` varchar(255) COLLATE utf8_bin DEFAULT '',
  PRIMARY KEY (`ID_`),
  UNIQUE KEY `ACT_UNIQ_PROCDEF` (`KEY_`,`VERSION_`,`TENANT_ID_`)
) ENGINE=InnoDB DEFAULT CHARSET=utf8 COLLATE=utf8_bin;

-- 正在导出表  spring-app.act_re_procdef 的数据：~0 rows (大约)
/*!40000 ALTER TABLE `act_re_procdef` DISABLE KEYS */;
INSERT INTO `act_re_procdef` (`ID_`, `REV_`, `CATEGORY_`, `NAME_`, `KEY_`, `VERSION_`, `DEPLOYMENT_ID_`, `RESOURCE_NAME_`, `DGRM_RESOURCE_NAME_`, `DESCRIPTION_`, `HAS_START_FORM_KEY_`, `SUSPENSION_STATE_`, `TENANT_ID_`) VALUES
	('Leave:1:3844e97a-b063-11e6-9178-d05099a603b1', 1, 'http://www.activiti.org/test', '请假流程', 'Leave', 1, '38292417-b063-11e6-9178-d05099a603b1', 'leave2.bpmn', 'leave2.png', NULL, 0, 1, '');
/*!40000 ALTER TABLE `act_re_procdef` ENABLE KEYS */;


-- 导出  表 spring-app.act_ru_event_subscr 结构
CREATE TABLE IF NOT EXISTS `act_ru_event_subscr` (
  `ID_` varchar(64) COLLATE utf8_bin NOT NULL,
  `REV_` int(11) DEFAULT NULL,
  `EVENT_TYPE_` varchar(255) COLLATE utf8_bin NOT NULL,
  `EVENT_NAME_` varchar(255) COLLATE utf8_bin DEFAULT NULL,
  `EXECUTION_ID_` varchar(64) COLLATE utf8_bin DEFAULT NULL,
  `PROC_INST_ID_` varchar(64) COLLATE utf8_bin DEFAULT NULL,
  `ACTIVITY_ID_` varchar(64) COLLATE utf8_bin DEFAULT NULL,
  `CONFIGURATION_` varchar(255) COLLATE utf8_bin DEFAULT NULL,
  `CREATED_` timestamp(3) NOT NULL DEFAULT CURRENT_TIMESTAMP(3),
  `PROC_DEF_ID_` varchar(64) COLLATE utf8_bin DEFAULT NULL,
  `TENANT_ID_` varchar(255) COLLATE utf8_bin DEFAULT '',
  PRIMARY KEY (`ID_`),
  KEY `ACT_IDX_EVENT_SUBSCR_CONFIG_` (`CONFIGURATION_`),
  KEY `ACT_FK_EVENT_EXEC` (`EXECUTION_ID_`),
  CONSTRAINT `ACT_FK_EVENT_EXEC` FOREIGN KEY (`EXECUTION_ID_`) REFERENCES `act_ru_execution` (`ID_`)
) ENGINE=InnoDB DEFAULT CHARSET=utf8 COLLATE=utf8_bin;

-- 正在导出表  spring-app.act_ru_event_subscr 的数据：~0 rows (大约)
/*!40000 ALTER TABLE `act_ru_event_subscr` DISABLE KEYS */;
/*!40000 ALTER TABLE `act_ru_event_subscr` ENABLE KEYS */;


-- 导出  表 spring-app.act_ru_execution 结构
CREATE TABLE IF NOT EXISTS `act_ru_execution` (
  `ID_` varchar(64) COLLATE utf8_bin NOT NULL DEFAULT '',
  `REV_` int(11) DEFAULT NULL,
  `PROC_INST_ID_` varchar(64) COLLATE utf8_bin DEFAULT NULL,
  `BUSINESS_KEY_` varchar(255) COLLATE utf8_bin DEFAULT NULL,
  `PARENT_ID_` varchar(64) COLLATE utf8_bin DEFAULT NULL,
  `PROC_DEF_ID_` varchar(64) COLLATE utf8_bin DEFAULT NULL,
  `SUPER_EXEC_` varchar(64) COLLATE utf8_bin DEFAULT NULL,
  `ACT_ID_` varchar(255) COLLATE utf8_bin DEFAULT NULL,
  `IS_ACTIVE_` tinyint(4) DEFAULT NULL,
  `IS_CONCURRENT_` tinyint(4) DEFAULT NULL,
  `IS_SCOPE_` tinyint(4) DEFAULT NULL,
  `IS_EVENT_SCOPE_` tinyint(4) DEFAULT NULL,
  `SUSPENSION_STATE_` int(11) DEFAULT NULL,
  `CACHED_ENT_STATE_` int(11) DEFAULT NULL,
  `TENANT_ID_` varchar(255) COLLATE utf8_bin DEFAULT '',
  `NAME_` varchar(255) COLLATE utf8_bin DEFAULT NULL,
  PRIMARY KEY (`ID_`),
  KEY `ACT_IDX_EXEC_BUSKEY` (`BUSINESS_KEY_`),
  KEY `ACT_FK_EXE_PROCINST` (`PROC_INST_ID_`),
  KEY `ACT_FK_EXE_PARENT` (`PARENT_ID_`),
  KEY `ACT_FK_EXE_SUPER` (`SUPER_EXEC_`),
  KEY `ACT_FK_EXE_PROCDEF` (`PROC_DEF_ID_`),
  CONSTRAINT `ACT_FK_EXE_PARENT` FOREIGN KEY (`PARENT_ID_`) REFERENCES `act_ru_execution` (`ID_`),
  CONSTRAINT `ACT_FK_EXE_PROCDEF` FOREIGN KEY (`PROC_DEF_ID_`) REFERENCES `act_re_procdef` (`ID_`),
  CONSTRAINT `ACT_FK_EXE_PROCINST` FOREIGN KEY (`PROC_INST_ID_`) REFERENCES `act_ru_execution` (`ID_`) ON DELETE CASCADE ON UPDATE CASCADE,
  CONSTRAINT `ACT_FK_EXE_SUPER` FOREIGN KEY (`SUPER_EXEC_`) REFERENCES `act_ru_execution` (`ID_`)
) ENGINE=InnoDB DEFAULT CHARSET=utf8 COLLATE=utf8_bin;

-- 正在导出表  spring-app.act_ru_execution 的数据：~2 rows (大约)
/*!40000 ALTER TABLE `act_ru_execution` DISABLE KEYS */;
INSERT INTO `act_ru_execution` (`ID_`, `REV_`, `PROC_INST_ID_`, `BUSINESS_KEY_`, `PARENT_ID_`, `PROC_DEF_ID_`, `SUPER_EXEC_`, `ACT_ID_`, `IS_ACTIVE_`, `IS_CONCURRENT_`, `IS_SCOPE_`, `IS_EVENT_SCOPE_`, `SUSPENSION_STATE_`, `CACHED_ENT_STATE_`, `TENANT_ID_`, `NAME_`) VALUES
	('8f97f421-b063-11e6-9178-d05099a603b1', 4, '8f97f421-b063-11e6-9178-d05099a603b1', 'Leave.d08ab8c6-71bf-4826-ad02-7c19d4a2d17c', NULL, 'Leave:1:3844e97a-b063-11e6-9178-d05099a603b1', NULL, 'usertask2', 1, 0, 1, 0, 1, 2, '', NULL);
/*!40000 ALTER TABLE `act_ru_execution` ENABLE KEYS */;


-- 导出  表 spring-app.act_ru_identitylink 结构
CREATE TABLE IF NOT EXISTS `act_ru_identitylink` (
  `ID_` varchar(64) COLLATE utf8_bin NOT NULL DEFAULT '',
  `REV_` int(11) DEFAULT NULL,
  `GROUP_ID_` varchar(255) COLLATE utf8_bin DEFAULT NULL,
  `TYPE_` varchar(255) COLLATE utf8_bin DEFAULT NULL,
  `USER_ID_` varchar(255) COLLATE utf8_bin DEFAULT NULL,
  `TASK_ID_` varchar(64) COLLATE utf8_bin DEFAULT NULL,
  `PROC_INST_ID_` varchar(64) COLLATE utf8_bin DEFAULT NULL,
  `PROC_DEF_ID_` varchar(64) COLLATE utf8_bin DEFAULT NULL,
  PRIMARY KEY (`ID_`),
  KEY `ACT_IDX_IDENT_LNK_USER` (`USER_ID_`),
  KEY `ACT_IDX_IDENT_LNK_GROUP` (`GROUP_ID_`),
  KEY `ACT_IDX_ATHRZ_PROCEDEF` (`PROC_DEF_ID_`),
  KEY `ACT_FK_TSKASS_TASK` (`TASK_ID_`),
  KEY `ACT_FK_IDL_PROCINST` (`PROC_INST_ID_`),
  CONSTRAINT `ACT_FK_ATHRZ_PROCEDEF` FOREIGN KEY (`PROC_DEF_ID_`) REFERENCES `act_re_procdef` (`ID_`),
  CONSTRAINT `ACT_FK_IDL_PROCINST` FOREIGN KEY (`PROC_INST_ID_`) REFERENCES `act_ru_execution` (`ID_`),
  CONSTRAINT `ACT_FK_TSKASS_TASK` FOREIGN KEY (`TASK_ID_`) REFERENCES `act_ru_task` (`ID_`)
) ENGINE=InnoDB DEFAULT CHARSET=utf8 COLLATE=utf8_bin;

-- 正在导出表  spring-app.act_ru_identitylink 的数据：~2 rows (大约)
/*!40000 ALTER TABLE `act_ru_identitylink` DISABLE KEYS */;
INSERT INTO `act_ru_identitylink` (`ID_`, `REV_`, `GROUP_ID_`, `TYPE_`, `USER_ID_`, `TASK_ID_`, `PROC_INST_ID_`, `PROC_DEF_ID_`) VALUES
	('8f984246-b063-11e6-9178-d05099a603b1', 1, NULL, 'participant', '62619962-c88c-4530-b424-ced43b30e1ea', NULL, '8f97f421-b063-11e6-9178-d05099a603b1', NULL);
/*!40000 ALTER TABLE `act_ru_identitylink` ENABLE KEYS */;


-- 导出  表 spring-app.act_ru_job 结构
CREATE TABLE IF NOT EXISTS `act_ru_job` (
  `ID_` varchar(64) COLLATE utf8_bin NOT NULL,
  `REV_` int(11) DEFAULT NULL,
  `TYPE_` varchar(255) COLLATE utf8_bin NOT NULL,
  `LOCK_EXP_TIME_` timestamp(3) NULL DEFAULT NULL,
  `LOCK_OWNER_` varchar(255) COLLATE utf8_bin DEFAULT NULL,
  `EXCLUSIVE_` tinyint(1) DEFAULT NULL,
  `EXECUTION_ID_` varchar(64) COLLATE utf8_bin DEFAULT NULL,
  `PROCESS_INSTANCE_ID_` varchar(64) COLLATE utf8_bin DEFAULT NULL,
  `PROC_DEF_ID_` varchar(64) COLLATE utf8_bin DEFAULT NULL,
  `RETRIES_` int(11) DEFAULT NULL,
  `EXCEPTION_STACK_ID_` varchar(64) COLLATE utf8_bin DEFAULT NULL,
  `EXCEPTION_MSG_` varchar(4000) COLLATE utf8_bin DEFAULT NULL,
  `DUEDATE_` timestamp(3) NULL DEFAULT NULL,
  `REPEAT_` varchar(255) COLLATE utf8_bin DEFAULT NULL,
  `HANDLER_TYPE_` varchar(255) COLLATE utf8_bin DEFAULT NULL,
  `HANDLER_CFG_` varchar(4000) COLLATE utf8_bin DEFAULT NULL,
  `TENANT_ID_` varchar(255) COLLATE utf8_bin DEFAULT '',
  PRIMARY KEY (`ID_`),
  KEY `ACT_FK_JOB_EXCEPTION` (`EXCEPTION_STACK_ID_`),
  CONSTRAINT `ACT_FK_JOB_EXCEPTION` FOREIGN KEY (`EXCEPTION_STACK_ID_`) REFERENCES `act_ge_bytearray` (`ID_`)
) ENGINE=InnoDB DEFAULT CHARSET=utf8 COLLATE=utf8_bin;

-- 正在导出表  spring-app.act_ru_job 的数据：~0 rows (大约)
/*!40000 ALTER TABLE `act_ru_job` DISABLE KEYS */;
/*!40000 ALTER TABLE `act_ru_job` ENABLE KEYS */;


-- 导出  表 spring-app.act_ru_task 结构
CREATE TABLE IF NOT EXISTS `act_ru_task` (
  `ID_` varchar(64) COLLATE utf8_bin NOT NULL DEFAULT '',
  `REV_` int(11) DEFAULT NULL,
  `EXECUTION_ID_` varchar(64) COLLATE utf8_bin DEFAULT NULL,
  `PROC_INST_ID_` varchar(64) COLLATE utf8_bin DEFAULT NULL,
  `PROC_DEF_ID_` varchar(64) COLLATE utf8_bin DEFAULT NULL,
  `NAME_` varchar(255) COLLATE utf8_bin DEFAULT NULL,
  `PARENT_TASK_ID_` varchar(64) COLLATE utf8_bin DEFAULT NULL,
  `DESCRIPTION_` varchar(4000) COLLATE utf8_bin DEFAULT NULL,
  `TASK_DEF_KEY_` varchar(255) COLLATE utf8_bin DEFAULT NULL,
  `OWNER_` varchar(255) COLLATE utf8_bin DEFAULT NULL,
  `ASSIGNEE_` varchar(255) COLLATE utf8_bin DEFAULT NULL,
  `DELEGATION_` varchar(64) COLLATE utf8_bin DEFAULT NULL,
  `PRIORITY_` int(11) DEFAULT NULL,
  `CREATE_TIME_` timestamp(3) NOT NULL DEFAULT CURRENT_TIMESTAMP(3) ON UPDATE CURRENT_TIMESTAMP(3),
  `DUE_DATE_` datetime(3) DEFAULT NULL,
  `CATEGORY_` varchar(255) COLLATE utf8_bin DEFAULT NULL,
  `SUSPENSION_STATE_` int(11) DEFAULT NULL,
  `TENANT_ID_` varchar(255) COLLATE utf8_bin DEFAULT '',
  `FORM_KEY_` varchar(255) COLLATE utf8_bin DEFAULT NULL,
  PRIMARY KEY (`ID_`),
  KEY `ACT_IDX_TASK_CREATE` (`CREATE_TIME_`),
  KEY `ACT_FK_TASK_EXE` (`EXECUTION_ID_`),
  KEY `ACT_FK_TASK_PROCINST` (`PROC_INST_ID_`),
  KEY `ACT_FK_TASK_PROCDEF` (`PROC_DEF_ID_`),
  CONSTRAINT `ACT_FK_TASK_EXE` FOREIGN KEY (`EXECUTION_ID_`) REFERENCES `act_ru_execution` (`ID_`),
  CONSTRAINT `ACT_FK_TASK_PROCDEF` FOREIGN KEY (`PROC_DEF_ID_`) REFERENCES `act_re_procdef` (`ID_`),
  CONSTRAINT `ACT_FK_TASK_PROCINST` FOREIGN KEY (`PROC_INST_ID_`) REFERENCES `act_ru_execution` (`ID_`)
) ENGINE=InnoDB DEFAULT CHARSET=utf8 COLLATE=utf8_bin;

-- 正在导出表  spring-app.act_ru_task 的数据：~1 rows (大约)
/*!40000 ALTER TABLE `act_ru_task` DISABLE KEYS */;
INSERT INTO `act_ru_task` (`ID_`, `REV_`, `EXECUTION_ID_`, `PROC_INST_ID_`, `PROC_DEF_ID_`, `NAME_`, `PARENT_TASK_ID_`, `DESCRIPTION_`, `TASK_DEF_KEY_`, `OWNER_`, `ASSIGNEE_`, `DELEGATION_`, `PRIORITY_`, `CREATE_TIME_`, `DUE_DATE_`, `CATEGORY_`, `SUSPENSION_STATE_`, `TENANT_ID_`, `FORM_KEY_`) VALUES
	('0b832ba3-b065-11e6-9178-d05099a603b1', 1, '8f97f421-b063-11e6-9178-d05099a603b1', '8f97f421-b063-11e6-9178-d05099a603b1', 'Leave:1:3844e97a-b063-11e6-9178-d05099a603b1', '重新申请', NULL, NULL, 'usertask2', NULL, '62619962-c88c-4530-b424-ced43b30e1ea', NULL, 50, '2016-11-22 11:37:51.271', NULL, NULL, 1, '', '/activiti/leave/toUpdate.do');
/*!40000 ALTER TABLE `act_ru_task` ENABLE KEYS */;


-- 导出  表 spring-app.act_ru_variable 结构
CREATE TABLE IF NOT EXISTS `act_ru_variable` (
  `ID_` varchar(64) COLLATE utf8_bin NOT NULL,
  `REV_` int(11) DEFAULT NULL,
  `TYPE_` varchar(255) COLLATE utf8_bin NOT NULL,
  `NAME_` varchar(255) COLLATE utf8_bin NOT NULL,
  `EXECUTION_ID_` varchar(64) COLLATE utf8_bin DEFAULT NULL,
  `PROC_INST_ID_` varchar(64) COLLATE utf8_bin DEFAULT NULL,
  `TASK_ID_` varchar(64) COLLATE utf8_bin DEFAULT NULL,
  `BYTEARRAY_ID_` varchar(64) COLLATE utf8_bin DEFAULT NULL,
  `DOUBLE_` double DEFAULT NULL,
  `LONG_` bigint(20) DEFAULT NULL,
  `TEXT_` varchar(4000) COLLATE utf8_bin DEFAULT NULL,
  `TEXT2_` varchar(4000) COLLATE utf8_bin DEFAULT NULL,
  PRIMARY KEY (`ID_`),
  KEY `ACT_IDX_VARIABLE_TASK_ID` (`TASK_ID_`),
  KEY `ACT_FK_VAR_EXE` (`EXECUTION_ID_`),
  KEY `ACT_FK_VAR_PROCINST` (`PROC_INST_ID_`),
  KEY `ACT_FK_VAR_BYTEARRAY` (`BYTEARRAY_ID_`),
  CONSTRAINT `ACT_FK_VAR_BYTEARRAY` FOREIGN KEY (`BYTEARRAY_ID_`) REFERENCES `act_ge_bytearray` (`ID_`),
  CONSTRAINT `ACT_FK_VAR_EXE` FOREIGN KEY (`EXECUTION_ID_`) REFERENCES `act_ru_execution` (`ID_`),
  CONSTRAINT `ACT_FK_VAR_PROCINST` FOREIGN KEY (`PROC_INST_ID_`) REFERENCES `act_ru_execution` (`ID_`)
) ENGINE=InnoDB DEFAULT CHARSET=utf8 COLLATE=utf8_bin;

-- 正在导出表  spring-app.act_ru_variable 的数据：~4 rows (大约)
/*!40000 ALTER TABLE `act_ru_variable` DISABLE KEYS */;
INSERT INTO `act_ru_variable` (`ID_`, `REV_`, `TYPE_`, `NAME_`, `EXECUTION_ID_`, `PROC_INST_ID_`, `TASK_ID_`, `BYTEARRAY_ID_`, `DOUBLE_`, `LONG_`, `TEXT_`, `TEXT2_`) VALUES
	('8f97f423-b063-11e6-9178-d05099a603b1', 1, 'string', 'inputUser2', '8f97f421-b063-11e6-9178-d05099a603b1', '8f97f421-b063-11e6-9178-d05099a603b1', NULL, NULL, NULL, NULL, '62619962-c88c-4530-b424-ced43b30e1ea', NULL),
	('fb323ab3-b064-11e6-9178-d05099a603b1', 3, 'string', 'message', '8f97f421-b063-11e6-9178-d05099a603b1', '8f97f421-b063-11e6-9178-d05099a603b1', NULL, NULL, NULL, NULL, '不同意', NULL),
	('fb323ab4-b064-11e6-9178-d05099a603b1', 1, 'string', 'inputUser', '8f97f421-b063-11e6-9178-d05099a603b1', '8f97f421-b063-11e6-9178-d05099a603b1', NULL, NULL, NULL, NULL, '62619962-c88c-4530-b424-ced43b30e1ea', NULL);
/*!40000 ALTER TABLE `act_ru_variable` ENABLE KEYS */;


-- 导出  表 spring-app.qrtz_blob_triggers 结构
CREATE TABLE IF NOT EXISTS `qrtz_blob_triggers` (
  `SCHED_NAME` varchar(120) NOT NULL,
  `TRIGGER_NAME` varchar(200) NOT NULL,
  `TRIGGER_GROUP` varchar(200) NOT NULL,
  `BLOB_DATA` blob,
  PRIMARY KEY (`SCHED_NAME`,`TRIGGER_NAME`,`TRIGGER_GROUP`),
  KEY `SCHED_NAME` (`SCHED_NAME`,`TRIGGER_NAME`,`TRIGGER_GROUP`),
  CONSTRAINT `qrtz_blob_triggers_ibfk_1` FOREIGN KEY (`SCHED_NAME`, `TRIGGER_NAME`, `TRIGGER_GROUP`) REFERENCES `qrtz_triggers` (`SCHED_NAME`, `TRIGGER_NAME`, `TRIGGER_GROUP`)
) ENGINE=InnoDB DEFAULT CHARSET=utf8;

-- 正在导出表  spring-app.qrtz_blob_triggers 的数据：~0 rows (大约)
/*!40000 ALTER TABLE `qrtz_blob_triggers` DISABLE KEYS */;
/*!40000 ALTER TABLE `qrtz_blob_triggers` ENABLE KEYS */;


-- 导出  表 spring-app.qrtz_calendars 结构
CREATE TABLE IF NOT EXISTS `qrtz_calendars` (
  `SCHED_NAME` varchar(120) NOT NULL,
  `CALENDAR_NAME` varchar(200) NOT NULL,
  `CALENDAR` blob NOT NULL,
  PRIMARY KEY (`SCHED_NAME`,`CALENDAR_NAME`)
) ENGINE=InnoDB DEFAULT CHARSET=utf8;

-- 正在导出表  spring-app.qrtz_calendars 的数据：~0 rows (大约)
/*!40000 ALTER TABLE `qrtz_calendars` DISABLE KEYS */;
/*!40000 ALTER TABLE `qrtz_calendars` ENABLE KEYS */;


-- 导出  表 spring-app.qrtz_cron_triggers 结构
CREATE TABLE IF NOT EXISTS `qrtz_cron_triggers` (
  `SCHED_NAME` varchar(120) NOT NULL,
  `TRIGGER_NAME` varchar(200) NOT NULL,
  `TRIGGER_GROUP` varchar(200) NOT NULL,
  `CRON_EXPRESSION` varchar(120) NOT NULL,
  `TIME_ZONE_ID` varchar(80) DEFAULT NULL,
  PRIMARY KEY (`SCHED_NAME`,`TRIGGER_NAME`,`TRIGGER_GROUP`),
  CONSTRAINT `qrtz_cron_triggers_ibfk_1` FOREIGN KEY (`SCHED_NAME`, `TRIGGER_NAME`, `TRIGGER_GROUP`) REFERENCES `qrtz_triggers` (`SCHED_NAME`, `TRIGGER_NAME`, `TRIGGER_GROUP`)
) ENGINE=InnoDB DEFAULT CHARSET=utf8;

-- 正在导出表  spring-app.qrtz_cron_triggers 的数据：~0 rows (大约)
/*!40000 ALTER TABLE `qrtz_cron_triggers` DISABLE KEYS */;
INSERT INTO `qrtz_cron_triggers` (`SCHED_NAME`, `TRIGGER_NAME`, `TRIGGER_GROUP`, `CRON_EXPRESSION`, `TIME_ZONE_ID`) VALUES
	('scheduler', '1', '1', '0/30 * * * * ?', 'Asia/Shanghai');
/*!40000 ALTER TABLE `qrtz_cron_triggers` ENABLE KEYS */;


-- 导出  表 spring-app.qrtz_fired_triggers 结构
CREATE TABLE IF NOT EXISTS `qrtz_fired_triggers` (
  `SCHED_NAME` varchar(120) NOT NULL,
  `ENTRY_ID` varchar(95) NOT NULL,
  `TRIGGER_NAME` varchar(200) NOT NULL,
  `TRIGGER_GROUP` varchar(200) NOT NULL,
  `INSTANCE_NAME` varchar(200) NOT NULL,
  `FIRED_TIME` bigint(13) NOT NULL,
  `SCHED_TIME` bigint(13) NOT NULL,
  `PRIORITY` int(11) NOT NULL,
  `STATE` varchar(16) NOT NULL,
  `JOB_NAME` varchar(200) DEFAULT NULL,
  `JOB_GROUP` varchar(200) DEFAULT NULL,
  `IS_NONCONCURRENT` varchar(1) DEFAULT NULL,
  `REQUESTS_RECOVERY` varchar(1) DEFAULT NULL,
  PRIMARY KEY (`SCHED_NAME`,`ENTRY_ID`),
  KEY `IDX_QRTZ_FT_TRIG_INST_NAME` (`SCHED_NAME`,`INSTANCE_NAME`),
  KEY `IDX_QRTZ_FT_INST_JOB_REQ_RCVRY` (`SCHED_NAME`,`INSTANCE_NAME`,`REQUESTS_RECOVERY`),
  KEY `IDX_QRTZ_FT_J_G` (`SCHED_NAME`,`JOB_NAME`,`JOB_GROUP`),
  KEY `IDX_QRTZ_FT_JG` (`SCHED_NAME`,`JOB_GROUP`),
  KEY `IDX_QRTZ_FT_T_G` (`SCHED_NAME`,`TRIGGER_NAME`,`TRIGGER_GROUP`),
  KEY `IDX_QRTZ_FT_TG` (`SCHED_NAME`,`TRIGGER_GROUP`)
) ENGINE=InnoDB DEFAULT CHARSET=utf8;

-- 正在导出表  spring-app.qrtz_fired_triggers 的数据：~0 rows (大约)
/*!40000 ALTER TABLE `qrtz_fired_triggers` DISABLE KEYS */;
INSERT INTO `qrtz_fired_triggers` (`SCHED_NAME`, `ENTRY_ID`, `TRIGGER_NAME`, `TRIGGER_GROUP`, `INSTANCE_NAME`, `FIRED_TIME`, `SCHED_TIME`, `PRIORITY`, `STATE`, `JOB_NAME`, `JOB_GROUP`, `IS_NONCONCURRENT`, `REQUESTS_RECOVERY`) VALUES
	('scheduler', 'QH-20160316SOMR14812502933391481250294122', '1', '1', 'QH-20160316SOMR1481250293339', 1481274360133, 1481274390000, 5, 'ACQUIRED', NULL, NULL, '0', '0');
/*!40000 ALTER TABLE `qrtz_fired_triggers` ENABLE KEYS */;


-- 导出  表 spring-app.qrtz_job_details 结构
CREATE TABLE IF NOT EXISTS `qrtz_job_details` (
  `SCHED_NAME` varchar(120) NOT NULL,
  `JOB_NAME` varchar(200) NOT NULL,
  `JOB_GROUP` varchar(200) NOT NULL,
  `DESCRIPTION` varchar(250) DEFAULT NULL,
  `JOB_CLASS_NAME` varchar(250) NOT NULL,
  `IS_DURABLE` varchar(1) NOT NULL,
  `IS_NONCONCURRENT` varchar(1) NOT NULL,
  `IS_UPDATE_DATA` varchar(1) NOT NULL,
  `REQUESTS_RECOVERY` varchar(1) NOT NULL,
  `JOB_DATA` blob,
  PRIMARY KEY (`SCHED_NAME`,`JOB_NAME`,`JOB_GROUP`),
  KEY `IDX_QRTZ_J_REQ_RECOVERY` (`SCHED_NAME`,`REQUESTS_RECOVERY`),
  KEY `IDX_QRTZ_J_GRP` (`SCHED_NAME`,`JOB_GROUP`)
) ENGINE=InnoDB DEFAULT CHARSET=utf8;

-- 正在导出表  spring-app.qrtz_job_details 的数据：~1 rows (大约)
/*!40000 ALTER TABLE `qrtz_job_details` DISABLE KEYS */;
INSERT INTO `qrtz_job_details` (`SCHED_NAME`, `JOB_NAME`, `JOB_GROUP`, `DESCRIPTION`, `JOB_CLASS_NAME`, `IS_DURABLE`, `IS_NONCONCURRENT`, `IS_UPDATE_DATA`, `REQUESTS_RECOVERY`, `JOB_DATA`) VALUES
	('scheduler', '1', '1', NULL, 'com.wangsong.job.TaskA', '0', '1', '0', '0', _binary 0xACED0005737200156F72672E71756172747A2E4A6F62446174614D61709FB083E8BFA9B0CB020000787200266F72672E71756172747A2E7574696C732E537472696E674B65794469727479466C61674D61703FE8C3FBC55D280200015A0013616C6C6F77735472616E7369656E74446174617872001D6F72672E71756172747A2E7574696C732E4469727479466C61674D6170133F3F760A3F00025A000564697274794C00036D617074000F4C6A6176612F7574696C2F4D61703B787001737200116A6176612E7574696C2E486173684D61700507DAC13F603F000246000A6C6F6164466163746F724900097468726573686F6C6478703F4000000000000C7708000000100000000174000B7363686564756C654A6F6273720025636F6D2E77616E67736F6E672E73797374656D2E6D6F64656C2E5363686564756C654A6F62674C767D9AFA5E0B0200054C0009636C6173734E616D657400124C6A6176612F6C616E672F537472696E673B4C000E63726F6E45787072657373696F6E71007E00094C000567726F757071007E00094C00046E616D6571007E00094C000673746174757371007E00097870740016636F6D2E77616E67736F6E672E6A6F622E5461736B4174000E302F3330202A202A202A202A203F7400013174000131707800);
/*!40000 ALTER TABLE `qrtz_job_details` ENABLE KEYS */;


-- 导出  表 spring-app.qrtz_locks 结构
CREATE TABLE IF NOT EXISTS `qrtz_locks` (
  `SCHED_NAME` varchar(120) NOT NULL,
  `LOCK_NAME` varchar(40) NOT NULL,
  PRIMARY KEY (`SCHED_NAME`,`LOCK_NAME`)
) ENGINE=InnoDB DEFAULT CHARSET=utf8;

-- 正在导出表  spring-app.qrtz_locks 的数据：~1 rows (大约)
/*!40000 ALTER TABLE `qrtz_locks` DISABLE KEYS */;
INSERT INTO `qrtz_locks` (`SCHED_NAME`, `LOCK_NAME`) VALUES
	('scheduler', 'STATE_ACCESS'),
	('scheduler', 'TRIGGER_ACCESS');
/*!40000 ALTER TABLE `qrtz_locks` ENABLE KEYS */;


-- 导出  表 spring-app.qrtz_paused_trigger_grps 结构
CREATE TABLE IF NOT EXISTS `qrtz_paused_trigger_grps` (
  `SCHED_NAME` varchar(120) NOT NULL,
  `TRIGGER_GROUP` varchar(200) NOT NULL,
  PRIMARY KEY (`SCHED_NAME`,`TRIGGER_GROUP`)
) ENGINE=InnoDB DEFAULT CHARSET=utf8;

-- 正在导出表  spring-app.qrtz_paused_trigger_grps 的数据：~0 rows (大约)
/*!40000 ALTER TABLE `qrtz_paused_trigger_grps` DISABLE KEYS */;
/*!40000 ALTER TABLE `qrtz_paused_trigger_grps` ENABLE KEYS */;


-- 导出  表 spring-app.qrtz_scheduler_state 结构
CREATE TABLE IF NOT EXISTS `qrtz_scheduler_state` (
  `SCHED_NAME` varchar(120) NOT NULL,
  `INSTANCE_NAME` varchar(200) NOT NULL,
  `LAST_CHECKIN_TIME` bigint(13) NOT NULL,
  `CHECKIN_INTERVAL` bigint(13) NOT NULL,
  PRIMARY KEY (`SCHED_NAME`,`INSTANCE_NAME`)
) ENGINE=InnoDB DEFAULT CHARSET=utf8;

-- 正在导出表  spring-app.qrtz_scheduler_state 的数据：~2 rows (大约)
/*!40000 ALTER TABLE `qrtz_scheduler_state` DISABLE KEYS */;
INSERT INTO `qrtz_scheduler_state` (`SCHED_NAME`, `INSTANCE_NAME`, `LAST_CHECKIN_TIME`, `CHECKIN_INTERVAL`) VALUES
	('scheduler', 'QH-20160316SOMR1481250293339', 1481274371921, 15000);
/*!40000 ALTER TABLE `qrtz_scheduler_state` ENABLE KEYS */;


-- 导出  表 spring-app.qrtz_simple_triggers 结构
CREATE TABLE IF NOT EXISTS `qrtz_simple_triggers` (
  `SCHED_NAME` varchar(120) NOT NULL,
  `TRIGGER_NAME` varchar(200) NOT NULL,
  `TRIGGER_GROUP` varchar(200) NOT NULL,
  `REPEAT_COUNT` bigint(7) NOT NULL,
  `REPEAT_INTERVAL` bigint(12) NOT NULL,
  `TIMES_TRIGGERED` bigint(10) NOT NULL,
  PRIMARY KEY (`SCHED_NAME`,`TRIGGER_NAME`,`TRIGGER_GROUP`),
  CONSTRAINT `qrtz_simple_triggers_ibfk_1` FOREIGN KEY (`SCHED_NAME`, `TRIGGER_NAME`, `TRIGGER_GROUP`) REFERENCES `qrtz_triggers` (`SCHED_NAME`, `TRIGGER_NAME`, `TRIGGER_GROUP`)
) ENGINE=InnoDB DEFAULT CHARSET=utf8;

-- 正在导出表  spring-app.qrtz_simple_triggers 的数据：~0 rows (大约)
/*!40000 ALTER TABLE `qrtz_simple_triggers` DISABLE KEYS */;
/*!40000 ALTER TABLE `qrtz_simple_triggers` ENABLE KEYS */;


-- 导出  表 spring-app.qrtz_simprop_triggers 结构
CREATE TABLE IF NOT EXISTS `qrtz_simprop_triggers` (
  `SCHED_NAME` varchar(120) NOT NULL,
  `TRIGGER_NAME` varchar(200) NOT NULL,
  `TRIGGER_GROUP` varchar(200) NOT NULL,
  `STR_PROP_1` varchar(512) DEFAULT NULL,
  `STR_PROP_2` varchar(512) DEFAULT NULL,
  `STR_PROP_3` varchar(512) DEFAULT NULL,
  `INT_PROP_1` int(11) DEFAULT NULL,
  `INT_PROP_2` int(11) DEFAULT NULL,
  `LONG_PROP_1` bigint(20) DEFAULT NULL,
  `LONG_PROP_2` bigint(20) DEFAULT NULL,
  `DEC_PROP_1` decimal(13,4) DEFAULT NULL,
  `DEC_PROP_2` decimal(13,4) DEFAULT NULL,
  `BOOL_PROP_1` varchar(1) DEFAULT NULL,
  `BOOL_PROP_2` varchar(1) DEFAULT NULL,
  PRIMARY KEY (`SCHED_NAME`,`TRIGGER_NAME`,`TRIGGER_GROUP`),
  CONSTRAINT `qrtz_simprop_triggers_ibfk_1` FOREIGN KEY (`SCHED_NAME`, `TRIGGER_NAME`, `TRIGGER_GROUP`) REFERENCES `qrtz_triggers` (`SCHED_NAME`, `TRIGGER_NAME`, `TRIGGER_GROUP`)
) ENGINE=InnoDB DEFAULT CHARSET=utf8;

-- 正在导出表  spring-app.qrtz_simprop_triggers 的数据：~0 rows (大约)
/*!40000 ALTER TABLE `qrtz_simprop_triggers` DISABLE KEYS */;
/*!40000 ALTER TABLE `qrtz_simprop_triggers` ENABLE KEYS */;


-- 导出  表 spring-app.qrtz_triggers 结构
CREATE TABLE IF NOT EXISTS `qrtz_triggers` (
  `SCHED_NAME` varchar(120) NOT NULL,
  `TRIGGER_NAME` varchar(200) NOT NULL,
  `TRIGGER_GROUP` varchar(200) NOT NULL,
  `JOB_NAME` varchar(200) NOT NULL,
  `JOB_GROUP` varchar(200) NOT NULL,
  `DESCRIPTION` varchar(250) DEFAULT NULL,
  `NEXT_FIRE_TIME` bigint(13) DEFAULT NULL,
  `PREV_FIRE_TIME` bigint(13) DEFAULT NULL,
  `PRIORITY` int(11) DEFAULT NULL,
  `TRIGGER_STATE` varchar(16) NOT NULL,
  `TRIGGER_TYPE` varchar(8) NOT NULL,
  `START_TIME` bigint(13) NOT NULL,
  `END_TIME` bigint(13) DEFAULT NULL,
  `CALENDAR_NAME` varchar(200) DEFAULT NULL,
  `MISFIRE_INSTR` smallint(2) DEFAULT NULL,
  `JOB_DATA` blob,
  PRIMARY KEY (`SCHED_NAME`,`TRIGGER_NAME`,`TRIGGER_GROUP`),
  KEY `IDX_QRTZ_T_J` (`SCHED_NAME`,`JOB_NAME`,`JOB_GROUP`),
  KEY `IDX_QRTZ_T_JG` (`SCHED_NAME`,`JOB_GROUP`),
  KEY `IDX_QRTZ_T_C` (`SCHED_NAME`,`CALENDAR_NAME`),
  KEY `IDX_QRTZ_T_G` (`SCHED_NAME`,`TRIGGER_GROUP`),
  KEY `IDX_QRTZ_T_STATE` (`SCHED_NAME`,`TRIGGER_STATE`),
  KEY `IDX_QRTZ_T_N_STATE` (`SCHED_NAME`,`TRIGGER_NAME`,`TRIGGER_GROUP`,`TRIGGER_STATE`),
  KEY `IDX_QRTZ_T_N_G_STATE` (`SCHED_NAME`,`TRIGGER_GROUP`,`TRIGGER_STATE`),
  KEY `IDX_QRTZ_T_NEXT_FIRE_TIME` (`SCHED_NAME`,`NEXT_FIRE_TIME`),
  KEY `IDX_QRTZ_T_NFT_ST` (`SCHED_NAME`,`TRIGGER_STATE`,`NEXT_FIRE_TIME`),
  KEY `IDX_QRTZ_T_NFT_MISFIRE` (`SCHED_NAME`,`MISFIRE_INSTR`,`NEXT_FIRE_TIME`),
  KEY `IDX_QRTZ_T_NFT_ST_MISFIRE` (`SCHED_NAME`,`MISFIRE_INSTR`,`NEXT_FIRE_TIME`,`TRIGGER_STATE`),
  KEY `IDX_QRTZ_T_NFT_ST_MISFIRE_GRP` (`SCHED_NAME`,`MISFIRE_INSTR`,`NEXT_FIRE_TIME`,`TRIGGER_GROUP`,`TRIGGER_STATE`),
  CONSTRAINT `qrtz_triggers_ibfk_1` FOREIGN KEY (`SCHED_NAME`, `JOB_NAME`, `JOB_GROUP`) REFERENCES `qrtz_job_details` (`SCHED_NAME`, `JOB_NAME`, `JOB_GROUP`)
) ENGINE=InnoDB DEFAULT CHARSET=utf8;

-- 正在导出表  spring-app.qrtz_triggers 的数据：~1 rows (大约)
/*!40000 ALTER TABLE `qrtz_triggers` DISABLE KEYS */;
INSERT INTO `qrtz_triggers` (`SCHED_NAME`, `TRIGGER_NAME`, `TRIGGER_GROUP`, `JOB_NAME`, `JOB_GROUP`, `DESCRIPTION`, `NEXT_FIRE_TIME`, `PREV_FIRE_TIME`, `PRIORITY`, `TRIGGER_STATE`, `TRIGGER_TYPE`, `START_TIME`, `END_TIME`, `CALENDAR_NAME`, `MISFIRE_INSTR`, `JOB_DATA`) VALUES
	('scheduler', '1', '1', '1', '1', NULL, 1481274390000, 1481274360000, 5, 'ACQUIRED', 'CRON', 1479782575000, 0, NULL, 0, _binary '');
/*!40000 ALTER TABLE `qrtz_triggers` ENABLE KEYS */;


-- 导出  表 spring-app.sys_dict 结构
CREATE TABLE IF NOT EXISTS `sys_dict` (
  `id` varchar(50) NOT NULL,
  `code` varchar(50) DEFAULT NULL,
  `name` varchar(50) DEFAULT NULL,
  `type` varchar(50) DEFAULT NULL,
  PRIMARY KEY (`id`)
) ENGINE=InnoDB DEFAULT CHARSET=utf8;

-- 正在导出表  spring-app.sys_dict 的数据：~2 rows (大约)
/*!40000 ALTER TABLE `sys_dict` DISABLE KEYS */;
INSERT INTO `sys_dict` (`id`, `code`, `name`, `type`) VALUES
	('0e05c0f2-a0bc-4b75-8240-7500c9879a04', '2', '按钮', '1'),
	('a4c4df86-d72e-4cea-b90e-753440faf6f2', '1', '菜单', '1');
/*!40000 ALTER TABLE `sys_dict` ENABLE KEYS */;


-- 导出  表 spring-app.sys_log 结构
CREATE TABLE IF NOT EXISTS `sys_log` (
  `id` varchar(50) NOT NULL,
  `url` varchar(500) DEFAULT NULL,
  `parameter` varchar(400) DEFAULT NULL,
  `remote_addr` varchar(50) DEFAULT NULL,
  `agent` varchar(500) DEFAULT NULL,
  `user_id` varchar(50) DEFAULT NULL,
  `begin_time` datetime DEFAULT NULL,
  `end_time` datetime DEFAULT NULL,
  PRIMARY KEY (`id`)
) ENGINE=InnoDB DEFAULT CHARSET=utf8;

-- 正在导出表  spring-app.sys_log 的数据：~0 rows (大约)
/*!40000 ALTER TABLE `sys_log` DISABLE KEYS */;
/*!40000 ALTER TABLE `sys_log` ENABLE KEYS */;


-- 导出  表 spring-app.sys_resources 结构
CREATE TABLE IF NOT EXISTS `sys_resources` (
  `id` varchar(50) NOT NULL,
  `pid` varchar(50) DEFAULT NULL,
  `name` varchar(50) DEFAULT NULL,
  `url` varchar(50) DEFAULT NULL,
  `type` varchar(50) DEFAULT NULL,
  `sort` varchar(50) DEFAULT NULL,
  PRIMARY KEY (`id`)
) ENGINE=InnoDB DEFAULT CHARSET=utf8;

-- 正在导出表  spring-app.sys_resources 的数据：~31 rows (大约)
/*!40000 ALTER TABLE `sys_resources` DISABLE KEYS */;
INSERT INTO `sys_resources` (`id`, `pid`, `name`, `url`, `type`, `sort`) VALUES
	('00e70775-e85e-4e81-b24b-a4c442acf877', '3445c320-cf85-4990-914d-ce14806c0590', '删除', '/system/log/delete', '2', ''),
	('013335a4-ff1e-465d-b983-95b65f1260f3', '1', '工作流', '/', '1', '3'),
	('0cf26ffd-88e9-42ca-91fb-374359e12f82', 'a9b97767-54ff-4477-a81a-274d6e2b5ce9', '菜单管理', '/system/resources/toList.do', '1', '3'),
	('0ff729fc-a43c-4a5c-a2bf-07fbeefa2520', '13fd01f1-20d8-49fd-9630-6fb7f8539920', '删除', '/system/dict/delete', '2', NULL),
	('1', '', '菜单', '/', '1', NULL),
	('1115d196-fd3a-4ca1-99c8-5452bae30c8f', '0cf26ffd-88e9-42ca-91fb-374359e12f82', '增加', '/system/resources/add', '2', NULL),
	('1255d03e-0e75-467d-8f41-ecec751635b0', '013335a4-ff1e-465d-b983-95b65f1260f3', '流程实例', '/activiti/processDefinition/toList.do', '1', '2'),
	('13fd01f1-20d8-49fd-9630-6fb7f8539920', 'a9b97767-54ff-4477-a81a-274d6e2b5ce9', '字典管理', '/system/dict/toList.do', '1', '4'),
	('21e9a57d-b7a2-45b0-8359-cc21d636c0fa', '0cf26ffd-88e9-42ca-91fb-374359e12f82', '更改', '/system/resources/update', '2', NULL),
	('2b56b958-3b0d-46d4-8988-d7c5ae1d804b', 'a9b97767-54ff-4477-a81a-274d6e2b5ce9', '用户管理', '/system/user/toList.do', '1', '1'),
	('32680760-3ad2-4ac5-bd2f-fca4917d8f74', '2b56b958-3b0d-46d4-8988-d7c5ae1d804b', '更改', '/system/user/update', '2', NULL),
	('3445c320-cf85-4990-914d-ce14806c0590', 'a9b97767-54ff-4477-a81a-274d6e2b5ce9', '日志管理', '/system/log/toList.do', '1', '5'),
	('3b3b3284-eaab-48a5-a5e5-5da4e2c490af', '3445c320-cf85-4990-914d-ce14806c0590', '查看', '/system/log/list', '2', ''),
	('3f4c3cd9-8926-487b-a13f-3bfda9e3456a', '013335a4-ff1e-465d-b983-95b65f1260f3', '流程历史', '/activiti/history/toList.do', '1', '4'),
	('4c31e76d-b98f-4cd0-9b0e-ed0cfc1dedfd', '013335a4-ff1e-465d-b983-95b65f1260f3', '流程部署', '/activiti/deployment/toList.do', '1', '1'),
	('500aef96-1461-4af0-ac66-bf4406827558', '013335a4-ff1e-465d-b983-95b65f1260f3', '流程管理', '/activiti/bpm/toList.do', '1', '3'),
	('51745327-1978-48ab-aa19-6986a3f628d7', 'c56d6e95-5515-492b-866a-b8555e7b647c', '添加', '/system/role/add', '2', NULL),
	('63efc666-ee88-45f7-bdad-2b019c19eb1d', '0cf26ffd-88e9-42ca-91fb-374359e12f82', '列表', '/system/resources/list', '2', NULL),
	('652b3c26-5085-4739-94db-ebbbb1397acf', '2b56b958-3b0d-46d4-8988-d7c5ae1d804b', '添加', '/system/user/add', '2', NULL),
	('8d1d2815-d011-4da9-a66e-573a5f056f62', '13fd01f1-20d8-49fd-9630-6fb7f8539920', '添加', '/system/dict/add', '2', NULL),
	('8fec88df-50c5-4a5e-800e-621d203f7a55', 'c56d6e95-5515-492b-866a-b8555e7b647c', '删除', '/system/role/delete', '2', NULL),
	('93400178-2c2f-47de-9b30-5d126b33e197', '2b56b958-3b0d-46d4-8988-d7c5ae1d804b', '列表', '/system/user/list', '2', NULL),
	('9ee4dade-b3af-4664-82c8-4d712f231db4', '2b56b958-3b0d-46d4-8988-d7c5ae1d804b', '删除', '/system/user/delete', '2', NULL),
	('a9b97767-54ff-4477-a81a-274d6e2b5ce9', '1', '系统管理', '/', '1', '1'),
	('c01620cd-4845-4a4a-a72f-1524b3c54d24', '13fd01f1-20d8-49fd-9630-6fb7f8539920', '更改', '/system/dict/update', '2', NULL),
	('c56d6e95-5515-492b-866a-b8555e7b647c', 'a9b97767-54ff-4477-a81a-274d6e2b5ce9', '角色管理', '/system/role/toList.do', '1', '2'),
	('c65e7c94-a3c1-43b7-a8c7-94e1d693f0b5', 'c56d6e95-5515-492b-866a-b8555e7b647c', '更改', '/system/role/update', '2', NULL),
	('cbf77eb2-523e-4fe1-9b0e-6b71971ae082', 'a9b97767-54ff-4477-a81a-274d6e2b5ce9', '定时器管理', '/system/scheduleJob/toList.do', '1', '6'),
	('ea7a58c3-74d2-45c1-8b66-974cd82d1fbd', '13fd01f1-20d8-49fd-9630-6fb7f8539920', '列表', '/system/dict/list', '2', NULL),
	('ecb6527f-0548-40f7-b92e-6719ff3f9556', '0cf26ffd-88e9-42ca-91fb-374359e12f82', '删除', '/system/resources/delete', '2', NULL),
	('f0e5351e-7291-4d41-87c2-3ebfc5388d7c', 'c56d6e95-5515-492b-866a-b8555e7b647c', '列表', '/system/role/list', '2', NULL);
/*!40000 ALTER TABLE `sys_resources` ENABLE KEYS */;


-- 导出  表 spring-app.sys_role 结构
CREATE TABLE IF NOT EXISTS `sys_role` (
  `id` varchar(50) NOT NULL,
  `name` varchar(50) DEFAULT NULL,
  PRIMARY KEY (`id`)
) ENGINE=InnoDB DEFAULT CHARSET=utf8;

-- 正在导出表  spring-app.sys_role 的数据：~2 rows (大约)
/*!40000 ALTER TABLE `sys_role` DISABLE KEYS */;
INSERT INTO `sys_role` (`id`, `name`) VALUES
	('111', '项目经理'),
	('a0d308b4-7787-4822-a2e3-f59612a8c5b3', '22222'),
	('f9127759-1116-4159-adcf-98dbe1d77576', '软件工程师');
/*!40000 ALTER TABLE `sys_role` ENABLE KEYS */;


-- 导出  表 spring-app.sys_role_resources 结构
CREATE TABLE IF NOT EXISTS `sys_role_resources` (
  `id` varchar(50) NOT NULL,
  `role_id` varchar(50) DEFAULT NULL,
  `resources_id` varchar(50) DEFAULT NULL,
  PRIMARY KEY (`id`)
) ENGINE=InnoDB DEFAULT CHARSET=utf8;

-- 正在导出表  spring-app.sys_role_resources 的数据：~62 rows (大约)
/*!40000 ALTER TABLE `sys_role_resources` DISABLE KEYS */;
INSERT INTO `sys_role_resources` (`id`, `role_id`, `resources_id`) VALUES
	('012b5a00-2eb5-4252-b8d1-b27a760052f3', 'f9127759-1116-4159-adcf-98dbe1d77576', 'cbf77eb2-523e-4fe1-9b0e-6b71971ae082'),
	('022426d2-1514-4f0e-9754-d0af1200d654', '111', 'cbf77eb2-523e-4fe1-9b0e-6b71971ae082'),
	('047787e2-fb94-481b-9aa8-b365eb1d5f6f', 'a0d308b4-7787-4822-a2e3-f59612a8c5b3', '2b56b958-3b0d-46d4-8988-d7c5ae1d804b'),
	('050f5034-d8da-40ab-836f-85a5831db7d6', '111', '0cf26ffd-88e9-42ca-91fb-374359e12f82'),
	('054e5d91-c244-4e13-a279-00183150c534', '111', '63efc666-ee88-45f7-bdad-2b019c19eb1d'),
	('13530f98-f09b-46ab-b30a-ffecf5b585ff', '111', 'a9b97767-54ff-4477-a81a-274d6e2b5ce9'),
	('13d36c25-cb45-419e-b803-c47f11ca2f16', 'f9127759-1116-4159-adcf-98dbe1d77576', '3445c320-cf85-4990-914d-ce14806c0590'),
	('1b2cefb0-5e1d-4dd8-9885-7ef1c4aebae4', '111', '1115d196-fd3a-4ca1-99c8-5452bae30c8f'),
	('1d6967f0-f14e-4c7a-af4b-301c49eb2e2f', '111', 'c01620cd-4845-4a4a-a72f-1524b3c54d24'),
	('236563f2-3385-4c7d-b608-353ff1811568', 'f9127759-1116-4159-adcf-98dbe1d77576', 'c65e7c94-a3c1-43b7-a8c7-94e1d693f0b5'),
	('244bc016-a930-49be-a046-280ee5083ae7', 'f9127759-1116-4159-adcf-98dbe1d77576', '63efc666-ee88-45f7-bdad-2b019c19eb1d'),
	('24d64f07-7fb9-4f42-9d03-9eeb1ff81c6f', '111', 'ea7a58c3-74d2-45c1-8b66-974cd82d1fbd'),
	('2acb6419-c76e-419f-beb7-3f4e4c7f8811', '111', '4c31e76d-b98f-4cd0-9b0e-ed0cfc1dedfd'),
	('2ad3ff2c-04d7-4671-a8be-433652a9cab9', '111', '21e9a57d-b7a2-45b0-8359-cc21d636c0fa'),
	('31648bd0-737d-49a3-9660-2e036d3ef76d', 'f9127759-1116-4159-adcf-98dbe1d77576', 'ea7a58c3-74d2-45c1-8b66-974cd82d1fbd'),
	('37632aa5-8104-4031-81da-b3ca142b81e9', 'f9127759-1116-4159-adcf-98dbe1d77576', 'c01620cd-4845-4a4a-a72f-1524b3c54d24'),
	('3f93ae14-f591-4e48-aa2e-d90ac61f5a6d', '111', '1'),
	('4376daf3-cce5-4be7-9193-dfb8359b3018', 'f9127759-1116-4159-adcf-98dbe1d77576', '8d1d2815-d011-4da9-a66e-573a5f056f62'),
	('441656ad-6d69-4a75-b34b-6187255528ea', 'f9127759-1116-4159-adcf-98dbe1d77576', '32680760-3ad2-4ac5-bd2f-fca4917d8f74'),
	('48e89626-6c84-442d-a134-1ee71184db47', '111', '93400178-2c2f-47de-9b30-5d126b33e197'),
	('4e4ba357-1279-488e-befe-57873c27ad9f', '111', '9ee4dade-b3af-4664-82c8-4d712f231db4'),
	('4e5580b6-e1ea-470f-92ff-f21affd2ebf1', 'f9127759-1116-4159-adcf-98dbe1d77576', 'ecb6527f-0548-40f7-b92e-6719ff3f9556'),
	('4feea0e4-a64e-41ba-9fd6-bacafb8e8a48', '111', '3f4c3cd9-8926-487b-a13f-3bfda9e3456a'),
	('53df9058-cf9a-4bcb-96fa-0cfff53ae67c', '111', '1255d03e-0e75-467d-8f41-ecec751635b0'),
	('562814f8-9273-4bca-a5d3-79dfaecf5d01', 'f9127759-1116-4159-adcf-98dbe1d77576', '0cf26ffd-88e9-42ca-91fb-374359e12f82'),
	('588c5174-09b4-4034-887d-d63c6d18eb3e', 'f9127759-1116-4159-adcf-98dbe1d77576', 'c56d6e95-5515-492b-866a-b8555e7b647c'),
	('58948d0a-148d-404b-8ad7-94d8ac678dd0', '111', 'ecb6527f-0548-40f7-b92e-6719ff3f9556'),
	('5ad6b075-64e8-44ca-8a6b-2371e85d7401', 'f9127759-1116-4159-adcf-98dbe1d77576', '1'),
	('5effc16c-1f0f-47e9-84ae-b0b5e8d93bc0', '111', '013335a4-ff1e-465d-b983-95b65f1260f3'),
	('616255a8-fb99-4163-8772-05a072ade4fb', 'f9127759-1116-4159-adcf-98dbe1d77576', '013335a4-ff1e-465d-b983-95b65f1260f3'),
	('63210f31-23db-4c20-8dd1-5ea3d425e261', 'f9127759-1116-4159-adcf-98dbe1d77576', 'f0e5351e-7291-4d41-87c2-3ebfc5388d7c'),
	('63676c9d-ea84-4a4c-b333-0219c4e46624', '111', '8fec88df-50c5-4a5e-800e-621d203f7a55'),
	('645e644d-a5ab-4f4f-8afd-759db09412e5', 'f9127759-1116-4159-adcf-98dbe1d77576', 'a9b97767-54ff-4477-a81a-274d6e2b5ce9'),
	('68954075-5627-4a94-932b-79bffb783f38', '111', '13fd01f1-20d8-49fd-9630-6fb7f8539920'),
	('72b6adcf-6844-4036-a593-633d283f5181', '111', '652b3c26-5085-4739-94db-ebbbb1397acf'),
	('732c7a3c-56f6-4ae2-8927-b9c16f4b3fdb', 'f9127759-1116-4159-adcf-98dbe1d77576', '9ee4dade-b3af-4664-82c8-4d712f231db4'),
	('7425ea47-6713-4810-9220-cec003d39f85', '111', '00e70775-e85e-4e81-b24b-a4c442acf877'),
	('7b03935c-cb5e-47f4-bb38-534326d987ab', 'f9127759-1116-4159-adcf-98dbe1d77576', '00e70775-e85e-4e81-b24b-a4c442acf877'),
	('90d61971-d07c-4141-9332-089fd8600f5e', 'f9127759-1116-4159-adcf-98dbe1d77576', '21e9a57d-b7a2-45b0-8359-cc21d636c0fa'),
	('920041cb-6749-4c8e-8304-fca3fc41490f', 'f9127759-1116-4159-adcf-98dbe1d77576', '652b3c26-5085-4739-94db-ebbbb1397acf'),
	('959ec811-8cb1-4683-bf90-07ad64799a88', 'f9127759-1116-4159-adcf-98dbe1d77576', '1255d03e-0e75-467d-8f41-ecec751635b0'),
	('97cdca32-2ae8-47d1-877d-0cf8a21898ee', '111', '3b3b3284-eaab-48a5-a5e5-5da4e2c490af'),
	('9ace7679-dd2b-48c3-aa1b-042776ecc478', 'f9127759-1116-4159-adcf-98dbe1d77576', '2b56b958-3b0d-46d4-8988-d7c5ae1d804b'),
	('a326a2b3-0b9a-42de-b22a-98dbb7597992', 'f9127759-1116-4159-adcf-98dbe1d77576', '3f4c3cd9-8926-487b-a13f-3bfda9e3456a'),
	('a9696792-d421-4c48-95c1-c3a5318a9ecc', 'f9127759-1116-4159-adcf-98dbe1d77576', '4c31e76d-b98f-4cd0-9b0e-ed0cfc1dedfd'),
	('aa55a21f-9cee-4037-84c5-a1717e018411', 'f9127759-1116-4159-adcf-98dbe1d77576', '3b3b3284-eaab-48a5-a5e5-5da4e2c490af'),
	('abb16781-4a0c-4db5-a7e7-ba44dddff766', '111', '500aef96-1461-4af0-ac66-bf4406827558'),
	('ad581e95-d1db-406f-a50c-55e6e274d1c7', '111', 'f0e5351e-7291-4d41-87c2-3ebfc5388d7c'),
	('b9ef4d13-1632-46b3-bb1e-96600a828c74', 'f9127759-1116-4159-adcf-98dbe1d77576', '8fec88df-50c5-4a5e-800e-621d203f7a55'),
	('bbd169ff-60f5-4cf5-a456-334a0a1dbfee', 'f9127759-1116-4159-adcf-98dbe1d77576', '1115d196-fd3a-4ca1-99c8-5452bae30c8f'),
	('c16235d4-6435-4bc7-a970-9bdb86145b80', '111', '32680760-3ad2-4ac5-bd2f-fca4917d8f74'),
	('c2dbc7d3-804e-4137-9ff8-8dee105c1af1', '111', 'c65e7c94-a3c1-43b7-a8c7-94e1d693f0b5'),
	('c36fa1cb-3af0-4b65-875f-1c4bb8e88c34', '111', '2b56b958-3b0d-46d4-8988-d7c5ae1d804b'),
	('c8594166-0252-42be-bf74-e684a5ac2c33', '111', 'c56d6e95-5515-492b-866a-b8555e7b647c'),
	('cd118549-8aac-4699-b88d-6fd5d534711c', 'f9127759-1116-4159-adcf-98dbe1d77576', '93400178-2c2f-47de-9b30-5d126b33e197'),
	('cd12586c-f31c-449f-938a-15da76d29d0a', 'f9127759-1116-4159-adcf-98dbe1d77576', '500aef96-1461-4af0-ac66-bf4406827558'),
	('d0a34451-03ff-439c-858f-f40b545597e3', 'f9127759-1116-4159-adcf-98dbe1d77576', '51745327-1978-48ab-aa19-6986a3f628d7'),
	('dfcbd66d-7a68-4906-ad47-25e86c5181cd', '111', '0ff729fc-a43c-4a5c-a2bf-07fbeefa2520'),
	('dfd387be-5463-4a01-82fb-c62d5313aee8', '111', '51745327-1978-48ab-aa19-6986a3f628d7'),
	('e4c32966-232c-40f4-9f1d-a745cabb95f4', 'f9127759-1116-4159-adcf-98dbe1d77576', '0ff729fc-a43c-4a5c-a2bf-07fbeefa2520'),
	('e66edca7-4caa-480e-986e-ddd52eed1833', '111', '8d1d2815-d011-4da9-a66e-573a5f056f62'),
	('f2da6617-4a18-4d29-8a0a-e6e7a67dfcc7', '111', '3445c320-cf85-4990-914d-ce14806c0590'),
	('f41e5a1c-274d-4d2b-b5b3-7e1589e83d23', 'f9127759-1116-4159-adcf-98dbe1d77576', '13fd01f1-20d8-49fd-9630-6fb7f8539920');
/*!40000 ALTER TABLE `sys_role_resources` ENABLE KEYS */;


-- 导出  表 spring-app.sys_user 结构
CREATE TABLE IF NOT EXISTS `sys_user` (
  `id` varchar(50) NOT NULL,
  `username` varchar(50) DEFAULT NULL,
  `password` varchar(50) DEFAULT NULL,
  PRIMARY KEY (`id`)
) ENGINE=InnoDB DEFAULT CHARSET=utf8;

-- 正在导出表  spring-app.sys_user 的数据：~2 rows (大约)
/*!40000 ALTER TABLE `sys_user` DISABLE KEYS */;
INSERT INTO `sys_user` (`id`, `username`, `password`) VALUES
	('62619962-c88c-4530-b424-ced43b30e1ea', 'wangsong', '532da1c5da9fb86bf61b2a63487f300c'),
	('67697cb6-2f31-42de-9fc3-8ba9fa71e49d', '22222', 'e3ceb5881a0a1fdaad01296d7554868d');
/*!40000 ALTER TABLE `sys_user` ENABLE KEYS */;


-- 导出  表 spring-app.sys_user_role 结构
CREATE TABLE IF NOT EXISTS `sys_user_role` (
  `id` varchar(50) NOT NULL,
  `user_id` varchar(50) DEFAULT NULL,
  `role_id` varchar(50) DEFAULT NULL,
  PRIMARY KEY (`id`)
) ENGINE=InnoDB DEFAULT CHARSET=utf8;

-- 正在导出表  spring-app.sys_user_role 的数据：~1 rows (大约)
/*!40000 ALTER TABLE `sys_user_role` DISABLE KEYS */;
INSERT INTO `sys_user_role` (`id`, `user_id`, `role_id`) VALUES
	('5b6e768a-088a-472a-a005-7122de1f92ff', '62619962-c88c-4530-b424-ced43b30e1ea', 'f9127759-1116-4159-adcf-98dbe1d77576'),
	('a158c44e-e987-4b85-b815-aa1ad643833b', '67697cb6-2f31-42de-9fc3-8ba9fa71e49d', '111');
/*!40000 ALTER TABLE `sys_user_role` ENABLE KEYS */;
/*!40101 SET SQL_MODE=IFNULL(@OLD_SQL_MODE, '') */;
/*!40014 SET FOREIGN_KEY_CHECKS=IF(@OLD_FOREIGN_KEY_CHECKS IS NULL, 1, @OLD_FOREIGN_KEY_CHECKS) */;
/*!40101 SET CHARACTER_SET_CLIENT=@OLD_CHARACTER_SET_CLIENT */;
